conf,session,session_dir,n_files,n_bad_files,n_utts,n_idea,n_nodes,n_moves,n_speakers_idea,n_roster,roster_match_rate,unmatched_speakers,speaking_seconds,n_links,n_unresolved_moves,basis_named_speaker,basis_on_table_idea,basis_nearest_prior,pct_named_speaker,pct_nearest_prior,pct_links_to_extracted,has_teams,num_teams,num_funded_teams,is_focal,ok_complete,ok_material,ok_group,ok_length,ok_roster,ok_grounded,eligible
2020NES,2020_11_05_NES_S1,outputs/2020NES/output_2020_11_05_NES_S1,8,0,150,67,20,55,12,12,1.0,,0,59,0,13,37,9,0.22,0.153,0.22,True,1,0,False,True,True,True,True,True,True,True
2020NES,2020_11_05_NES_S2,outputs/2020NES/output_2020_11_05_NES_S2,8,0,141,59,18,45,11,11,1.0,,0,48,0,16,19,13,0.333,0.271,0.333,True,3,0,False,True,True,True,True,True,True,True
2020NES,2020_11_05_NES_S3,outputs/2020NES/output_2020_11_05_NES_S3,7,0,139,58,19,40,11,11,1.0,,0,46,0,13,24,9,0.283,0.196,0.283,True,3,1,True,True,True,True,True,True,True,True
2020NES,2020_11_05_NES_S4,outputs/2020NES/output_2020_11_05_NES_S4,12,0,156,62,13,50,12,13,1.0,,0,55,0,17,30,8,0.309,0.145,0.327,True,3,2,False,True,True,True,True,True,True,True
2020NES,2020_11_05_NES_S5,outputs/2020NES/output_2020_11_05_NES_S5,10,0,163,56,13,46,16,18,1.0,,0,51,0,17,23,11,0.333,0.216,0.333,True,4,2,False,True,True,False,True,True,True,False
2020NES,2020_11_05_NES_S6,outputs/2020NES/output_2020_11_05_NES_S6,11,0,156,64,17,52,12,18,1.0,,0,56,0,17,23,16,0.304,0.286,0.357,True,3,0,False,True,True,True,True,True,True,True
2020NES,2020_11_06_NES_S1,outputs/2020NES/output_2020_11_06_NES_S1,9,0,116,64,25,46,11,12,1.0,,0,50,0,9,31,10,0.18,0.2,0.18,True,2,1,False,True,True,True,True,True,True,True
2020NES,2020_11_06_NES_S10,outputs/2020NES/output_2020_11_06_NES_S10,9,0,162,47,15,36,11,12,1.0,,0,40,0,8,20,12,0.2,0.3,0.2,False,0,0,True,True,True,True,True,True,True,True
2020NES,2020_11_06_NES_S11,outputs/2020NES/output_2020_11_06_NES_S11,11,0,167,66,19,52,12,14,1.0,,0,55,1,8,36,11,0.145,0.2,0.164,True,3,1,False,True,True,True,True,True,True,True
2020NES,2020_11_06_NES_S12,outputs/2020NES/output_2020_11_06_NES_S12,8,0,161,41,10,32,11,14,1.0,,0,34,0,9,15,10,0.265,0.294,0.265,True,2,1,False,True,True,True,True,True,True,True
2020NES,2020_11_06_NES_S2,outputs/2020NES/output_2020_11_06_NES_S2,9,0,186,60,19,46,11,22,1.0,,0,52,0,20,14,18,0.385,0.346,0.385,True,3,0,False,True,True,True,True,True,True,True
2020NES,2020_11_06_NES_S3,outputs/2020NES/output_2020_11_06_NES_S3,4,0,129,47,12,39,11,14,1.0,,0,41,1,6,22,13,0.146,0.317,0.146,True,3,2,False,True,True,True,True,True,True,True
2020NES,2020_11_06_NES_S4,outputs/2020NES/output_2020_11_06_NES_S4,8,0,163,45,10,35,12,14,1.0,,0,37,0,9,17,11,0.243,0.297,0.27,True,2,0,False,True,True,True,True,True,True,True
2020NES,2020_11_06_NES_S6,outputs/2020NES/output_2020_11_06_NES_S6,4,1,61,21,5,17,8,11,1.0,,0,18,0,7,6,5,0.389,0.278,0.389,True,2,0,False,False,False,True,False,True,True,False
2020NES,2020_11_06_NES_S7,outputs/2020NES/output_2020_11_06_NES_S7,8,0,128,38,7,31,12,15,1.0,,0,34,0,7,20,7,0.206,0.206,0.206,True,2,0,False,True,True,True,True,True,True,True
2020NES,2020_11_06_NES_S8,outputs/2020NES/output_2020_11_06_NES_S8,8,0,226,63,10,54,9,17,1.0,,0,63,0,17,28,18,0.27,0.286,0.302,True,3,0,False,True,True,True,True,True,True,True
2020NES,2020_11_06_NES_S9,outputs/2020NES/output_2020_11_06_NES_S9,8,0,199,72,16,57,12,16,1.0,,0,68,0,9,48,11,0.132,0.162,0.147,True,2,2,False,True,True,True,True,True,True,True
2021ABI,2021_05_20_ABI_S1,outputs/2021ABI/output_2021_05_20_ABI_S1,9,0,130,37,13,25,11,11,1.0,,0,25,1,2,12,11,0.08,0.44,0.08,False,0,0,False,True,True,True,True,True,False,False
2021ABI,2021_05_20_ABI_S2,outputs/2021ABI/output_2021_05_20_ABI_S2,11,0,252,44,13,31,10,12,1.0,,0,32,0,2,19,11,0.062,0.344,0.062,True,1,0,False,True,True,True,False,True,True,False
2021ABI,2021_05_20_ABI_S3,outputs/2021ABI/output_2021_05_20_ABI_S3,8,0,94,32,13,20,8,11,1.0,,0,22,0,5,9,8,0.227,0.364,0.227,True,1,1,False,True,False,True,True,True,False,False
2021ABI,2021_05_20_ABI_S4,outputs/2021ABI/output_2021_05_20_ABI_S4,8,0,169,54,17,38,8,13,1.0,,0,37,1,3,20,14,0.081,0.378,0.108,True,2,2,False,True,True,True,True,True,False,False
2021ABI,2021_05_20_ABI_S5,outputs/2021ABI/output_2021_05_20_ABI_S5,8,0,147,26,6,20,7,11,1.0,,0,19,1,0,14,5,0.0,0.263,0.0,True,1,0,False,True,False,False,True,True,True,False
2021ABI,2021_05_20_ABI_S6,outputs/2021ABI/output_2021_05_20_ABI_S6,8,0,135,40,12,29,8,14,1.0,,0,28,1,2,15,11,0.071,0.393,0.071,True,2,1,False,True,True,True,True,True,False,False
2021ABI,2021_05_20_ABI_S7,outputs/2021ABI/output_2021_05_20_ABI_S7,8,0,95,20,10,11,9,15,1.0,,0,10,1,1,7,2,0.1,0.2,0.2,True,1,1,False,True,False,True,True,True,True,False
2021ABI,2021_05_20_ABI_S8,outputs/2021ABI/output_2021_05_20_ABI_S8,8,0,202,25,7,18,8,12,1.0,,0,17,1,1,11,5,0.059,0.294,0.059,False,0,0,False,True,False,True,True,True,True,False
2021ABI,2021_05_21_ABI_S1,outputs/2021ABI/output_2021_05_21_ABI_S1,9,0,180,50,15,35,11,12,1.0,,0,34,1,5,22,7,0.147,0.206,0.176,False,0,0,False,True,True,True,True,True,True,True
2021ABI,2021_05_21_ABI_S10,outputs/2021ABI/output_2021_05_21_ABI_S10,8,0,124,27,11,17,7,10,1.0,,0,16,1,5,4,7,0.312,0.438,0.438,False,0,0,False,True,False,False,True,True,False,False
2021ABI,2021_05_21_ABI_S11,outputs/2021ABI/output_2021_05_21_ABI_S11,8,0,150,24,10,15,7,11,1.0,,0,15,1,2,10,3,0.133,0.2,0.133,True,2,1,False,True,False,False,True,True,True,False
2021ABI,2021_05_21_ABI_S12,outputs/2021ABI/output_2021_05_21_ABI_S12,10,0,201,26,11,16,10,12,1.0,,0,16,1,1,6,9,0.062,0.562,0.062,True,3,1,False,True,False,True,True,True,False,False
2021ABI,2021_05_21_ABI_S13,outputs/2021ABI/output_2021_05_21_ABI_S13,9,0,141,33,7,26,10,10,1.0,,0,26,0,4,13,9,0.154,0.346,0.231,True,2,1,False,True,False,True,True,True,True,False
2021ABI,2021_05_21_ABI_S14,outputs/2021ABI/output_2021_05_21_ABI_S14,7,0,90,18,5,13,8,13,1.0,,0,13,0,2,6,5,0.154,0.385,0.154,True,3,0,False,True,False,True,True,True,False,False
2021ABI,2021_05_21_ABI_S15,outputs/2021ABI/output_2021_05_21_ABI_S15,7,0,136,34,8,27,9,12,1.0,,0,28,0,0,17,11,0.0,0.393,0.0,True,2,1,False,True,False,True,True,True,False,False
2021ABI,2021_05_21_ABI_S16,outputs/2021ABI/output_2021_05_21_ABI_S16,7,0,115,22,4,18,7,10,1.0,,0,18,0,1,10,7,0.056,0.389,0.111,False,0,0,False,True,False,False,True,True,False,False
2021ABI,2021_05_21_ABI_S2,outputs/2021ABI/output_2021_05_21_ABI_S2,8,0,103,20,6,14,9,13,1.0,,0,14,0,1,5,8,0.071,0.571,0.143,False,0,0,False,True,False,True,True,True,False,False
2021ABI,2021_05_21_ABI_S3,outputs/2021ABI/output_2021_05_21_ABI_S3,10,0,159,22,5,17,6,10,1.0,,0,17,0,0,11,6,0.0,0.353,0.0,True,1,0,False,True,False,False,True,True,False,False
2021ABI,2021_05_21_ABI_S4,outputs/2021ABI/output_2021_05_21_ABI_S4,9,0,156,36,14,22,9,12,1.0,,0,22,0,2,11,9,0.091,0.409,0.091,True,2,0,False,True,True,True,True,True,False,False
2021ABI,2021_05_21_ABI_S5,outputs/2021ABI/output_2021_05_21_ABI_S5,10,0,174,59,17,42,10,12,1.0,,0,42,0,1,22,19,0.024,0.452,0.024,False,0,0,False,True,True,True,True,True,False,False
2021ABI,2021_05_21_ABI_S6,outputs/2021ABI/output_2021_05_21_ABI_S6,10,0,158,32,9,24,10,13,1.0,,0,24,0,5,16,3,0.208,0.125,0.208,False,0,0,False,True,False,True,True,True,True,False
2021ABI,2021_05_21_ABI_S7,outputs/2021ABI/output_2021_05_21_ABI_S7,8,0,112,23,6,17,11,13,1.0,,0,16,1,3,9,4,0.188,0.25,0.188,True,3,1,False,True,False,True,True,True,True,False
2021ABI,2021_05_21_ABI_S8,outputs/2021ABI/output_2021_05_21_ABI_S8,8,0,166,47,16,32,9,16,1.0,,0,31,1,0,15,16,0.0,0.516,0.0,True,3,0,False,True,True,True,True,True,False,False
2021ABI,2021_05_21_ABI_S9,outputs/2021ABI/output_2021_05_21_ABI_S9,7,0,103,20,5,15,9,12,1.0,,0,14,1,1,5,8,0.071,0.571,0.143,True,2,0,False,True,False,True,True,True,False,False
2021CMC,2021_10_07_CMC_S1,outputs/2021CMC/output_2021_10_07_CMC_S1,8,0,239,57,14,46,11,12,1.0,,0,47,0,12,19,16,0.255,0.34,0.255,True,1,1,False,True,True,True,False,True,True,False
2021CMC,2021_10_07_CMC_S2,outputs/2021CMC/output_2021_10_07_CMC_S2,8,0,147,51,22,33,12,13,1.0,,0,35,0,10,19,6,0.286,0.171,0.286,True,1,1,False,True,True,True,True,True,True,True
2021CMC,2021_10_07_CMC_S3,outputs/2021CMC/output_2021_10_07_CMC_S3,8,0,174,46,15,31,13,15,1.0,,0,31,0,0,13,18,0.0,0.581,0.032,True,3,2,False,True,True,True,True,True,False,False
2021CMC,2021_10_07_CMC_S4,outputs/2021CMC/output_2021_10_07_CMC_S4,7,0,173,51,14,37,11,11,1.0,,0,38,0,5,14,19,0.132,0.5,0.158,True,1,1,False,True,True,True,True,True,False,False
2021CMC,2021_10_07_CMC_S5,outputs/2021CMC/output_2021_10_07_CMC_S5,8,0,189,29,4,25,9,15,1.0,,0,24,1,1,14,9,0.042,0.375,0.042,True,1,1,False,True,False,True,True,True,False,False
2021CMC,2021_10_07_CMC_S6,outputs/2021CMC/output_2021_10_07_CMC_S6,8,0,133,40,16,26,8,12,1.0,,0,26,0,1,23,2,0.038,0.077,0.038,False,0,0,False,True,True,True,True,True,True,True
2021CMC,2021_10_07_CMC_S7,outputs/2021CMC/output_2021_10_07_CMC_S7,8,0,208,41,15,26,9,11,1.0,,0,26,0,2,15,9,0.077,0.346,0.077,False,0,0,False,True,True,True,True,True,True,True
2021CMC,2021_10_08_CMC_S1,outputs/2021CMC/output_2021_10_08_CMC_S1,8,0,204,44,10,36,10,15,1.0,,0,35,1,10,12,13,0.286,0.371,0.343,True,3,2,False,True,True,True,True,True,False,False
2021CMC,2021_10_08_CMC_S10,outputs/2021CMC/output_2021_10_08_CMC_S10,8,0,227,79,14,68,13,15,1.0,,0,76,0,12,37,27,0.158,0.355,0.158,False,0,0,False,True,True,True,True,True,False,False
2021CMC,2021_10_08_CMC_S11,outputs/2021CMC/output_2021_10_08_CMC_S11,8,0,181,51,12,43,10,13,1.0,,0,48,0,15,28,5,0.312,0.104,0.333,True,1,0,False,True,True,True,True,True,True,True
2021CMC,2021_10_08_CMC_S12,outputs/2021CMC/output_2021_10_08_CMC_S12,8,0,174,50,15,35,9,9,1.0,,0,35,0,2,14,19,0.057,0.543,0.057,True,1,0,False,True,True,True,True,True,False,False
2021CMC,2021_10_08_CMC_S13,outputs/2021CMC/output_2021_10_08_CMC_S13,8,0,199,54,16,38,10,11,1.0,,0,37,1,9,16,12,0.243,0.324,0.27,True,2,1,False,True,True,True,True,True,True,True
2021CMC,2021_10_08_CMC_S14,outputs/2021CMC/output_2021_10_08_CMC_S14,8,0,215,46,7,39,9,11,1.0,,0,38,1,4,19,15,0.105,0.395,0.158,True,2,1,False,True,True,True,True,True,False,False
2021CMC,2021_10_08_CMC_S2,outputs/2021CMC/output_2021_10_08_CMC_S2,8,0,257,60,16,45,10,12,1.0,,0,45,0,6,14,25,0.133,0.556,0.156,True,1,0,False,True,True,True,False,True,False,False
2021CMC,2021_10_08_CMC_S3,outputs/2021CMC/output_2021_10_08_CMC_S3,8,0,272,67,17,53,10,13,1.0,,0,59,0,13,31,15,0.22,0.254,0.22,True,1,1,False,True,True,True,False,True,True,False
2021CMC,2021_10_08_CMC_S4,outputs/2021CMC/output_2021_10_08_CMC_S4,8,0,152,45,13,32,9,9,1.0,,0,31,1,4,20,7,0.129,0.226,0.129,True,1,1,False,True,True,True,True,True,True,True
2021CMC,2021_10_08_CMC_S5,outputs/2021CMC/output_2021_10_08_CMC_S5,8,0,214,45,13,34,10,17,1.0,,0,36,0,5,20,11,0.139,0.306,0.139,True,3,2,False,True,True,True,True,True,True,True
2021CMC,2021_10_08_CMC_S6,outputs/2021CMC/output_2021_10_08_CMC_S6,8,0,164,25,5,20,8,12,1.0,,0,20,0,3,11,6,0.15,0.3,0.25,True,2,0,False,True,False,True,True,True,True,False
2021CMC,2021_10_08_CMC_S7,outputs/2021CMC/output_2021_10_08_CMC_S7,8,0,168,17,5,12,7,12,1.0,,0,11,1,1,6,4,0.091,0.364,0.091,True,2,0,False,True,False,False,True,True,False,False
2021CMC,2021_10_08_CMC_S8,outputs/2021CMC/output_2021_10_08_CMC_S8,8,0,161,40,18,23,9,9,1.0,,0,23,0,1,7,15,0.043,0.652,0.043,False,0,0,False,True,True,True,True,True,False,False
2021CMC,2021_10_08_CMC_S9,outputs/2021CMC/output_2021_10_08_CMC_S9,8,0,270,55,20,35,12,12,1.0,,0,35,0,8,15,12,0.229,0.343,0.257,True,2,0,False,True,True,True,False,True,True,False
2021MND,2021_04_22_MND_S1,outputs/2021MND/output_2021_04_22_MND_S1,8,0,136,26,11,15,9,12,1.0,,0,16,0,2,11,3,0.125,0.188,0.125,True,1,1,False,True,False,True,True,True,True,False
2021MND,2021_04_22_MND_S2,outputs/2021MND/output_2021_04_22_MND_S2,1,0,1,0,0,0,0,1,0.0,,0,0,0,0,0,0,0.0,1.0,0.0,False,0,0,False,True,False,False,False,False,False,False
2021MND,2021_04_22_MND_S3,outputs/2021MND/output_2021_04_22_MND_S3,9,0,133,72,18,55,10,10,1.0,,0,59,1,10,37,12,0.169,0.203,0.169,True,1,0,False,True,True,True,True,True,True,True
2021MND,2021_04_22_MND_S4,outputs/2021MND/output_2021_04_22_MND_S4,8,0,149,35,11,24,9,12,1.0,,0,24,0,3,5,16,0.125,0.667,0.125,True,1,1,False,True,True,True,True,True,False,False
2021MND,2021_04_22_MND_S5,outputs/2021MND/output_2021_04_22_MND_S5,8,0,141,42,17,25,6,6,1.0,,0,25,0,0,8,17,0.0,0.68,0.0,False,0,0,False,True,True,False,True,True,False,False
2021MND,2021_04_22_MND_S6,outputs/2021MND/output_2021_04_22_MND_S6,3,0,28,1,1,0,1,12,1.0,,0,0,0,0,0,0,0.0,1.0,0.0,False,0,0,False,True,False,False,False,True,False,False
2021MND,2021_04_22_MND_S7,outputs/2021MND/output_2021_04_22_MND_S7,8,0,152,48,9,39,10,12,1.0,,0,39,0,4,14,21,0.103,0.538,0.103,True,2,0,False,True,True,True,True,True,False,False
2021MND,2021_04_22_MND_S8,outputs/2021MND/output_2021_04_22_MND_S8,9,2,141,58,16,49,8,10,1.0,,0,54,0,14,22,18,0.259,0.333,0.259,True,3,0,False,False,True,True,True,True,True,False
2021MND,2021_04_23_MND_S1,outputs/2021MND/output_2021_04_23_MND_S1,8,0,166,58,18,44,10,13,1.0,,0,47,0,16,21,10,0.34,0.213,0.362,True,3,0,False,True,True,True,True,True,True,True
2021MND,2021_04_23_MND_S10,outputs/2021MND/output_2021_04_23_MND_S10,7,0,159,30,10,20,9,14,1.0,,0,20,0,0,13,7,0.0,0.35,0.05,False,0,0,False,True,False,True,True,True,True,False
2021MND,2021_04_23_MND_S11,outputs/2021MND/output_2021_04_23_MND_S11,7,1,154,46,12,34,7,8,1.0,,0,38,0,19,16,3,0.5,0.079,0.5,True,3,1,False,False,True,False,True,True,True,False
2021MND,2021_04_23_MND_S12,outputs/2021MND/output_2021_04_23_MND_S12,7,0,141,46,9,38,9,11,1.0,,0,41,0,13,23,5,0.317,0.122,0.366,True,1,0,False,True,True,True,True,True,True,True
2021MND,2021_04_23_MND_S13,outputs/2021MND/output_2021_04_23_MND_S13,7,1,125,36,9,31,9,14,1.0,,0,31,0,8,14,9,0.258,0.29,0.258,False,0,0,False,False,True,True,True,True,True,False
2021MND,2021_04_23_MND_S14,outputs/2021MND/output_2021_04_23_MND_S14,7,0,176,60,16,46,6,10,1.0,,0,46,1,15,22,9,0.326,0.196,0.326,True,1,0,False,True,True,False,True,True,True,False
2021MND,2021_04_23_MND_S15,outputs/2021MND/output_2021_04_23_MND_S15,7,0,170,47,11,37,10,12,1.0,,0,38,0,8,29,1,0.211,0.026,0.211,False,0,0,False,True,True,True,True,True,True,True
2021MND,2021_04_23_MND_S16,outputs/2021MND/output_2021_04_23_MND_S16,7,0,111,26,9,17,9,12,1.0,,0,17,0,0,13,4,0.0,0.235,0.0,True,3,0,False,True,False,True,True,True,True,False
2021MND,2021_04_23_MND_S2,outputs/2021MND/output_2021_04_23_MND_S2,7,0,135,39,8,31,8,12,1.0,,0,30,1,3,15,12,0.1,0.4,0.167,True,2,1,False,True,True,True,True,True,False,False
2021MND,2021_04_23_MND_S3,outputs/2021MND/output_2021_04_23_MND_S3,7,0,94,21,6,16,9,13,1.0,,0,16,0,5,5,6,0.312,0.375,0.375,True,2,0,False,True,False,True,True,True,False,False
2021MND,2021_04_23_MND_S4,outputs/2021MND/output_2021_04_23_MND_S4,9,0,155,30,6,24,6,10,1.0,,0,23,1,2,11,10,0.087,0.435,0.087,False,0,0,False,True,False,False,True,True,False,False
2021MND,2021_04_23_MND_S5,outputs/2021MND/output_2021_04_23_MND_S5,7,0,128,33,8,25,9,14,1.0,,0,25,0,1,11,13,0.04,0.52,0.08,True,2,1,False,True,False,True,True,True,False,False
2021MND,2021_04_23_MND_S6,outputs/2021MND/output_2021_04_23_MND_S6,7,0,157,18,6,12,7,11,1.0,,0,12,0,1,7,4,0.083,0.333,0.25,True,2,0,False,True,False,False,True,True,True,False
2021MND,2021_04_23_MND_S7,outputs/2021MND/output_2021_04_23_MND_S7,7,0,117,26,9,17,9,9,1.0,,0,17,0,4,5,8,0.235,0.471,0.235,True,1,0,False,True,False,True,True,True,False,False
2021MND,2021_04_23_MND_S8,outputs/2021MND/output_2021_04_23_MND_S8,8,1,115,47,9,41,8,9,1.0,,0,43,0,11,23,9,0.256,0.209,0.279,False,0,0,False,False,True,True,True,True,True,False
2021MND,2021_04_23_MND_S9,outputs/2021MND/output_2021_04_23_MND_S9,7,0,144,58,16,44,10,11,1.0,,0,50,0,11,31,8,0.22,0.16,0.22,True,2,0,False,True,True,True,True,True,True,True
2021MZT,2021_09_30_MZT_S1,outputs/2021MZT/output_2021_09_30_MZT_S1,2,0,24,8,3,6,7,9,1.0,,0,7,0,2,4,1,0.286,0.143,0.286,True,2,1,False,True,False,False,False,True,True,False
2021MZT,2021_09_30_MZT_S2,outputs/2021MZT/output_2021_09_30_MZT_S2,6,0,128,63,12,56,10,11,1.0,,0,62,1,14,38,10,0.226,0.161,0.226,True,1,0,False,True,True,True,True,True,True,True
2021MZT,2021_09_30_MZT_S3,outputs/2021MZT/output_2021_09_30_MZT_S3,6,0,92,34,12,23,10,13,1.0,,0,24,0,6,17,1,0.25,0.042,0.25,True,1,0,False,True,False,True,True,True,True,False
2021MZT,2021_09_30_MZT_S4,outputs/2021MZT/output_2021_09_30_MZT_S4,6,0,135,58,8,53,9,10,1.0,,0,58,0,12,27,19,0.207,0.328,0.207,True,1,0,False,True,True,True,True,True,True,True
2021MZT,2021_09_30_MZT_S5,outputs/2021MZT/output_2021_09_30_MZT_S5,6,0,126,61,16,51,9,12,1.0,,0,54,0,10,37,7,0.185,0.13,0.222,True,2,2,False,True,True,True,True,True,True,True
2021MZT,2021_09_30_MZT_S6,outputs/2021MZT/output_2021_09_30_MZT_S6,7,0,140,60,12,51,9,10,1.0,,0,54,0,15,21,18,0.278,0.333,0.278,True,1,1,False,True,True,True,True,True,True,True
2021MZT,2021_09_30_MZT_S7,outputs/2021MZT/output_2021_09_30_MZT_S7,17,1,329,96,27,74,22,27,1.0,,0,82,0,26,43,13,0.317,0.159,0.317,True,8,5,False,False,True,False,False,True,True,False
2021MZT,2021_10_01_MZT_S1,outputs/2021MZT/output_2021_10_01_MZT_S1,10,1,146,49,13,40,8,12,1.0,,0,42,1,12,18,12,0.286,0.286,0.31,True,2,0,False,False,True,True,True,True,True,False
2021MZT,2021_10_01_MZT_S10,outputs/2021MZT/output_2021_10_01_MZT_S10,7,0,161,36,9,30,8,8,1.0,,0,32,1,7,23,2,0.219,0.062,0.219,True,2,1,False,True,True,True,True,True,True,True
2021MZT,2021_10_01_MZT_S11,outputs/2021MZT/output_2021_10_01_MZT_S11,7,0,149,36,13,24,8,8,1.0,,0,25,0,8,13,4,0.32,0.16,0.32,True,2,2,False,True,True,True,True,True,True,True
2021MZT,2021_10_01_MZT_S12,outputs/2021MZT/output_2021_10_01_MZT_S12,10,3,79,29,5,24,8,10,1.0,,0,25,0,4,18,3,0.16,0.12,0.16,True,2,2,False,False,False,True,False,True,True,False
2021MZT,2021_10_01_MZT_S13,outputs/2021MZT/output_2021_10_01_MZT_S13,14,0,257,92,28,67,15,16,1.0,,0,74,0,22,21,31,0.297,0.419,0.297,True,4,4,False,True,True,False,False,True,False,False
2021MZT,2021_10_01_MZT_S2,outputs/2021MZT/output_2021_10_01_MZT_S2,8,0,171,40,7,35,10,10,1.0,,0,41,0,11,26,4,0.268,0.098,0.268,True,1,0,False,True,True,True,True,True,True,True
2021MZT,2021_10_01_MZT_S3,outputs/2021MZT/output_2021_10_01_MZT_S3,10,0,140,53,16,43,15,23,1.0,,0,47,0,5,26,16,0.106,0.34,0.106,True,4,3,False,True,True,False,True,True,True,False
2021MZT,2021_10_01_MZT_S4,outputs/2021MZT/output_2021_10_01_MZT_S4,10,0,169,63,12,53,15,17,1.0,,0,56,1,10,32,14,0.179,0.25,0.179,True,1,1,False,True,True,False,True,True,True,False
2021MZT,2021_10_01_MZT_S5,outputs/2021MZT/output_2021_10_01_MZT_S5,10,0,190,54,7,49,15,22,1.0,,0,56,1,5,29,22,0.089,0.393,0.089,True,3,1,False,True,True,False,True,True,False,False
2021MZT,2021_10_01_MZT_S6,outputs/2021MZT/output_2021_10_01_MZT_S6,16,0,335,90,13,80,18,21,1.0,,0,83,1,21,43,19,0.253,0.229,0.277,True,4,3,False,True,True,False,False,True,True,False
2021MZT,2021_10_01_MZT_S7,outputs/2021MZT/output_2021_10_01_MZT_S7,7,0,141,64,15,51,11,12,1.0,,0,55,0,15,28,12,0.273,0.218,0.273,True,1,1,False,True,True,True,True,True,True,True
2021MZT,2021_10_01_MZT_S8,outputs/2021MZT/output_2021_10_01_MZT_S8,7,0,141,48,7,43,10,10,1.0,,0,51,0,12,25,14,0.235,0.275,0.235,True,1,0,False,True,True,True,True,True,True,True
2021MZT,2021_10_01_MZT_S9,outputs/2021MZT/output_2021_10_01_MZT_S9,7,0,136,39,12,31,10,18,1.0,,0,33,0,7,25,1,0.212,0.03,0.212,False,0,0,False,True,True,True,True,True,True,True
2021NES,2021_11_04_NES_S1,outputs/2021NES/output_2021_11_04_NES_S1,10,0,171,59,9,53,12,15,1.0,,0,63,1,10,35,18,0.159,0.286,0.175,True,2,1,False,True,True,True,True,True,True,True
2021NES,2021_11_04_NES_S2,outputs/2021NES/output_2021_11_04_NES_S2,6,0,142,45,11,35,11,11,1.0,,0,37,1,6,16,15,0.162,0.405,0.162,True,2,0,False,True,True,True,True,True,False,False
2021NES,2021_11_04_NES_S3,outputs/2021NES/output_2021_11_04_NES_S3,8,0,161,47,12,36,11,16,1.0,,0,43,0,12,19,12,0.279,0.279,0.279,True,2,1,False,True,True,True,True,True,True,True
2021NES,2021_11_04_NES_S4,outputs/2021NES/output_2021_11_04_NES_S4,7,0,167,72,17,57,11,11,1.0,,0,58,1,9,26,23,0.155,0.397,0.172,True,1,0,False,True,True,True,True,True,False,False
2021NES,2021_11_04_NES_S5,outputs/2021NES/output_2021_11_04_NES_S5,8,0,145,41,12,29,10,13,1.0,,0,33,0,9,17,7,0.273,0.212,0.273,True,3,1,False,True,True,True,True,True,True,True
2021NES,2021_11_04_NES_S6,outputs/2021NES/output_2021_11_04_NES_S6,8,4,94,0,0,0,0,17,0.0,,0,0,0,0,0,0,0.0,1.0,0.0,True,1,1,False,False,False,False,True,False,False,False
2021NES,2021_11_05_NES_S1,outputs/2021NES/output_2021_11_05_NES_S1,12,0,295,74,12,64,15,22,1.0,,0,69,0,17,38,14,0.246,0.203,0.246,True,4,1,False,True,True,False,False,True,True,False
2021NES,2021_11_05_NES_S10,outputs/2021NES/output_2021_11_05_NES_S10,8,2,167,41,8,33,9,11,1.0,,0,37,0,8,19,10,0.216,0.27,0.216,True,1,1,False,False,True,True,True,True,True,False
2021NES,2021_11_05_NES_S11,outputs/2021NES/output_2021_11_05_NES_S11,8,0,158,46,15,37,9,10,1.0,,0,42,0,4,33,5,0.095,0.119,0.095,True,1,1,False,True,True,True,True,True,True,True
2021NES,2021_11_05_NES_S12,outputs/2021NES/output_2021_11_05_NES_S12,8,1,148,39,16,26,15,13,0.733,Burcu Gurkan;Jenny Yang;Katie Knowles;Xiao Su,0,30,0,10,15,5,0.333,0.167,0.467,False,0,0,False,False,True,False,True,True,True,False
2021NES,2021_11_05_NES_S2,outputs/2021NES/output_2021_11_05_NES_S2,8,0,133,47,7,41,12,13,1.0,,0,44,0,9,24,11,0.205,0.25,0.227,True,1,0,False,True,True,True,True,True,True,True
2021NES,2021_11_05_NES_S3,outputs/2021NES/output_2021_11_05_NES_S3,12,1,171,62,13,54,16,22,1.0,,0,57,0,14,31,12,0.246,0.211,0.263,True,4,0,False,False,True,False,True,True,True,False
2021NES,2021_11_05_NES_S4,outputs/2021NES/output_2021_11_05_NES_S4,12,0,198,53,11,48,18,23,1.0,,0,57,0,7,34,16,0.123,0.281,0.123,True,1,1,False,True,True,False,True,True,True,False
2021NES,2021_11_05_NES_S5,outputs/2021NES/output_2021_11_05_NES_S5,12,0,235,52,15,37,16,23,0.938,Jeffrey Long,0,39,0,7,25,7,0.179,0.179,0.205,True,3,2,False,True,True,False,False,True,True,False
2021NES,2021_11_05_NES_S6,outputs/2021NES/output_2021_11_05_NES_S6,12,0,224,52,15,39,15,21,1.0,,0,42,0,4,28,10,0.095,0.238,0.119,True,4,1,False,True,True,False,True,True,True,False
2021NES,2021_11_05_NES_S7,outputs/2021NES/output_2021_11_05_NES_S7,8,1,252,48,12,38,13,18,1.0,,0,41,0,3,24,14,0.073,0.341,0.098,True,2,0,False,False,True,True,False,True,True,False
2021NES,2021_11_05_NES_S8,outputs/2021NES/output_2021_11_05_NES_S8,8,0,169,40,10,32,9,10,1.0,,0,34,0,9,14,11,0.265,0.324,0.294,False,0,0,False,True,True,True,True,True,True,True
2021NES,2021_11_05_NES_S9,outputs/2021NES/output_2021_11_05_NES_S9,8,1,185,47,13,38,9,11,1.0,,0,39,0,9,21,9,0.231,0.231,0.256,True,1,0,False,False,True,True,True,True,True,False
2021SLU,2021_06_10_SLU_S1,outputs/2021SLU/output_2021_06_10_SLU_S1,8,0,180,56,12,46,10,15,1.0,,0,47,0,17,24,6,0.362,0.128,0.362,True,3,1,False,True,True,True,True,True,True,True
2021SLU,2021_06_10_SLU_S2,outputs/2021SLU/output_2021_06_10_SLU_S2,10,1,153,52,13,44,10,11,1.0,,0,45,0,11,24,10,0.244,0.222,0.244,True,2,1,False,False,True,True,True,True,True,False
2021SLU,2021_06_10_SLU_S3,outputs/2021SLU/output_2021_06_10_SLU_S3,10,1,132,57,17,45,11,11,1.0,,0,52,0,15,23,14,0.288,0.269,0.288,True,1,0,False,False,True,True,True,True,True,False
2021SLU,2021_06_10_SLU_S4,outputs/2021SLU/output_2021_06_10_SLU_S4,8,1,204,48,13,36,11,14,1.0,,0,38,0,10,22,6,0.263,0.158,0.263,True,2,2,False,False,True,True,True,True,True,False
2021SLU,2021_06_10_SLU_S5,outputs/2021SLU/output_2021_06_10_SLU_S5,8,1,134,44,15,30,9,11,1.0,,0,31,0,4,21,6,0.129,0.194,0.129,True,2,1,False,False,True,True,True,True,True,False
2021SLU,2021_06_10_SLU_S6,outputs/2021SLU/output_2021_06_10_SLU_S6,9,0,191,75,15,63,10,13,1.0,,0,69,1,15,31,23,0.217,0.333,0.232,True,2,0,False,True,True,True,True,True,True,True
2021SLU,2021_06_10_SLU_S7,outputs/2021SLU/output_2021_06_10_SLU_S7,8,0,142,35,10,26,10,14,1.0,,0,27,0,4,6,17,0.148,0.63,0.148,False,0,0,False,True,True,True,True,True,False,False
2021SLU,2021_06_11_SLU_S1,outputs/2021SLU/output_2021_06_11_SLU_S1,8,0,208,73,12,67,11,15,1.0,,0,74,0,18,36,20,0.243,0.27,0.243,True,3,1,False,True,True,True,True,True,True,True
2021SLU,2021_06_11_SLU_S10,outputs/2021SLU/output_2021_06_11_SLU_S10,9,0,208,80,18,66,10,10,1.0,,0,73,0,10,42,21,0.137,0.288,0.137,True,1,0,False,True,True,True,True,True,True,True
2021SLU,2021_06_11_SLU_S11,outputs/2021SLU/output_2021_06_11_SLU_S11,9,1,192,61,11,54,11,14,1.0,,0,59,0,24,20,15,0.407,0.254,0.407,True,2,1,False,False,True,True,True,True,True,False
2021SLU,2021_06_11_SLU_S12,outputs/2021SLU/output_2021_06_11_SLU_S12,9,1,191,71,21,50,7,10,1.0,,0,55,0,13,34,8,0.236,0.145,0.255,True,1,0,False,False,True,False,True,True,True,False
2021SLU,2021_06_11_SLU_S13,outputs/2021SLU/output_2021_06_11_SLU_S13,10,2,195,56,14,48,10,11,1.0,,0,52,1,7,35,10,0.135,0.192,0.154,True,2,0,False,False,True,True,True,True,True,False
2021SLU,2021_06_11_SLU_S2,outputs/2021SLU/output_2021_06_11_SLU_S2,9,0,154,34,14,21,10,12,1.0,,0,23,0,4,11,8,0.174,0.348,0.174,False,0,0,False,True,False,True,True,True,True,False
2021SLU,2021_06_11_SLU_S3,outputs/2021SLU/output_2021_06_11_SLU_S3,9,0,108,29,7,22,9,10,1.0,,0,22,0,3,11,8,0.136,0.364,0.136,True,1,1,False,True,False,True,True,True,False,False
2021SLU,2021_06_11_SLU_S4,outputs/2021SLU/output_2021_06_11_SLU_S4,8,0,174,69,16,55,10,11,1.0,,0,59,0,10,41,8,0.169,0.136,0.169,True,2,1,False,True,True,True,True,True,True,True
2021SLU,2021_06_11_SLU_S5,outputs/2021SLU/output_2021_06_11_SLU_S5,8,0,161,56,13,45,12,13,1.0,,0,47,0,17,27,3,0.362,0.064,0.362,False,0,0,False,True,True,True,True,True,True,True
2021SLU,2021_06_11_SLU_S6,outputs/2021SLU/output_2021_06_11_SLU_S6,8,0,205,88,20,74,10,9,0.9,Nicolas Cowan,0,80,0,25,34,21,0.312,0.263,0.312,True,3,0,False,True,True,True,True,True,True,True
2021SLU,2021_06_11_SLU_S7,outputs/2021SLU/output_2021_06_11_SLU_S7,8,0,117,30,12,18,9,11,1.0,,0,18,0,2,10,6,0.111,0.333,0.167,True,1,1,False,True,False,True,True,True,True,False
2021SLU,2021_06_11_SLU_S8,outputs/2021SLU/output_2021_06_11_SLU_S8,10,2,172,56,15,47,8,12,1.0,,0,48,0,13,26,9,0.271,0.188,0.271,True,2,2,False,False,True,True,True,True,True,False
2021SLU,2021_06_11_SLU_S9,outputs/2021SLU/output_2021_06_11_SLU_S9,11,2,201,76,19,63,9,10,1.0,,0,71,0,17,41,13,0.239,0.183,0.254,True,1,0,False,False,True,True,True,True,True,False
2022MND,2022_04_07_MND_S1,outputs/2022MND/output_2022_04_07_MND_S1,8,0,148,45,14,34,8,13,1.0,,0,35,0,5,16,14,0.143,0.4,0.2,True,1,1,False,True,True,True,True,True,False,False
2022MND,2022_04_07_MND_S2,outputs/2022MND/output_2022_04_07_MND_S2,8,1,166,54,16,41,9,11,1.0,,0,45,0,13,23,9,0.289,0.2,0.289,True,2,0,False,False,True,True,True,True,True,False
2022MND,2022_04_07_MND_S3,outputs/2022MND/output_2022_04_07_MND_S3,8,0,90,34,10,26,10,11,1.0,,0,28,1,5,14,9,0.179,0.321,0.179,False,0,0,False,True,False,True,True,True,True,False
2022MND,2022_04_07_MND_S4,outputs/2022MND/output_2022_04_07_MND_S4,8,1,188,37,13,27,8,9,1.0,,0,27,0,7,14,6,0.259,0.222,0.296,True,2,1,False,False,True,True,True,True,True,False
2022MND,2022_04_07_MND_S5,outputs/2022MND/output_2022_04_07_MND_S5,8,0,207,51,13,42,8,11,1.0,,0,42,0,15,18,9,0.357,0.214,0.357,True,2,1,False,True,True,True,True,True,True,True
2022MND,2022_04_07_MND_S6,outputs/2022MND/output_2022_04_07_MND_S6,8,1,118,21,5,16,6,9,1.0,,0,16,1,4,10,2,0.25,0.125,0.25,True,3,2,False,False,False,False,True,True,True,False
2022MND,2022_04_08_MND_S1,outputs/2022MND/output_2022_04_08_MND_S1,8,0,145,41,12,32,8,10,1.0,,0,35,0,3,23,9,0.086,0.257,0.086,True,1,0,False,True,True,True,True,True,True,True
2022MND,2022_04_08_MND_S10,outputs/2022MND/output_2022_04_08_MND_S10,8,0,155,29,9,22,5,5,1.0,,0,24,1,12,5,7,0.5,0.292,0.542,False,0,0,False,True,False,False,True,True,True,False
2022MND,2022_04_08_MND_S11,outputs/2022MND/output_2022_04_08_MND_S11,8,0,191,43,11,36,9,9,1.0,,0,40,0,6,11,23,0.15,0.575,0.2,True,2,0,False,True,True,True,True,True,False,False
2022MND,2022_04_08_MND_S12,outputs/2022MND/output_2022_04_08_MND_S12,1,0,12,0,0,0,0,4,0.0,,0,0,0,0,0,0,0.0,1.0,0.0,False,0,0,False,True,False,False,False,False,False,False
2022MND,2022_04_08_MND_S2,outputs/2022MND/output_2022_04_08_MND_S2,8,0,257,59,13,49,8,10,1.0,,0,52,0,10,30,12,0.192,0.231,0.192,False,0,0,False,True,True,True,False,True,True,False
2022MND,2022_04_08_MND_S3,outputs/2022MND/output_2022_04_08_MND_S3,8,0,208,58,11,51,5,8,1.0,,0,58,0,12,27,19,0.207,0.328,0.224,False,0,0,False,True,True,False,True,True,True,False
2022MND,2022_04_08_MND_S4,outputs/2022MND/output_2022_04_08_MND_S4,8,0,151,65,17,53,9,12,1.0,,0,61,0,12,38,11,0.197,0.18,0.197,True,1,0,False,True,True,True,True,True,True,True
2022MND,2022_04_08_MND_S5,outputs/2022MND/output_2022_04_08_MND_S5,8,1,133,24,6,19,8,12,1.0,,0,19,0,7,8,4,0.368,0.211,0.368,True,3,1,False,False,False,True,True,True,True,False
2022MND,2022_04_08_MND_S6,outputs/2022MND/output_2022_04_08_MND_S6,1,0,5,0,0,0,0,3,0.0,,0,0,0,0,0,0,0.0,1.0,0.0,False,0,0,False,True,False,False,False,False,False,False
2022MND,2022_04_08_MND_S7,outputs/2022MND/output_2022_04_08_MND_S7,8,0,167,49,16,35,7,9,1.0,,0,40,0,11,23,6,0.275,0.15,0.3,True,1,1,False,True,True,False,True,True,True,False
2022MND,2022_04_08_MND_S8,outputs/2022MND/output_2022_04_08_MND_S8,8,1,207,29,5,24,8,10,1.0,,0,25,1,1,17,7,0.04,0.28,0.04,True,1,0,False,False,False,True,True,True,True,False
2022MND,2022_04_08_MND_S9,outputs/2022MND/output_2022_04_08_MND_S9,8,1,156,48,7,41,8,9,1.0,,0,43,1,5,28,10,0.116,0.233,0.116,False,0,0,False,False,True,True,True,True,True,False
