feature,coef,abs_coef,target,check_name,feature_type
is_facilitator,-1.3837157994392002,1.3837157994392002,outcome_joined_team,conference_fixed_effects,behavior_or_control
subcode__proposes_process,-1.2285267197499465,1.2285267197499465,outcome_joined_team,conference_fixed_effects,behavior_or_control
subcode__invites_contribution,-0.7122370809047806,0.7122370809047806,outcome_joined_team,conference_fixed_effects,behavior_or_control
subcode__extends_existing_idea,0.702461917163574,0.702461917163574,outcome_joined_team,conference_fixed_effects,behavior_or_control
subcode__ambiguous,-0.6421187608056331,0.6421187608056331,outcome_joined_team,conference_fixed_effects,behavior_or_control
n_sessions_attended,0.624401614638583,0.624401614638583,outcome_joined_team,conference_fixed_effects,behavior_or_control
subcode__expresses_appreciation,-0.6187958453585636,0.6187958453585636,outcome_joined_team,conference_fixed_effects,behavior_or_control
subcode__individual_framing,0.5856796398424877,0.5856796398424877,outcome_joined_team,conference_fixed_effects,behavior_or_control
subcode__summarizes_for_group,-0.4856647963261576,0.4856647963261576,outcome_joined_team,conference_fixed_effects,behavior_or_control
subcode__uses_humor,-0.46626706567088505,0.46626706567088505,outcome_joined_team,conference_fixed_effects,behavior_or_control
subcode__identifies_common_ground,0.4551898420879928,0.4551898420879928,outcome_joined_team,conference_fixed_effects,behavior_or_control
subcode__funding_priority_alignment,-0.4526732302058008,0.4526732302058008,outcome_joined_team,conference_fixed_effects,behavior_or_control
subcode__encourages_participation,-0.4520325040286612,0.4520325040286612,outcome_joined_team,conference_fixed_effects,behavior_or_control
subcode__shares_domain_knowledge,0.4445278929649967,0.4445278929649967,outcome_joined_team,conference_fixed_effects,behavior_or_control
conf_2021CMC,-0.4334364762374582,0.4334364762374582,outcome_joined_team,conference_fixed_effects,conference_dummy
subcode__reframes_cross_disciplinarily,0.4287266426144242,0.4287266426144242,outcome_joined_team,conference_fixed_effects,behavior_or_control
subcode__checks_consensus,0.4258682762120546,0.4258682762120546,outcome_joined_team,conference_fixed_effects,behavior_or_control
subcode__proposes_next_step,-0.3768480278969889,0.3768480278969889,outcome_joined_team,conference_fixed_effects,behavior_or_control
conf_2021SLU,-0.3626952308978449,0.3626952308978449,outcome_joined_team,conference_fixed_effects,conference_dummy
subcode__combines_ideas,0.34415012337609097,0.34415012337609097,outcome_joined_team,conference_fixed_effects,behavior_or_control
subcode__shares_personal_experience,-0.3399191071190532,0.3399191071190532,outcome_joined_team,conference_fixed_effects,behavior_or_control
conf_2021MZT,-0.32284659416409683,0.32284659416409683,outcome_joined_team,conference_fixed_effects,conference_dummy
conf_2021ABI,-0.2984999975422127,0.2984999975422127,outcome_joined_team,conference_fixed_effects,conference_dummy
subcode__joint_framing,0.2980261478717655,0.2980261478717655,outcome_joined_team,conference_fixed_effects,behavior_or_control
subcode__critiques_or_challenges,0.29395813641912744,0.29395813641912744,outcome_joined_team,conference_fixed_effects,behavior_or_control
conf_2021MND,-0.2889776928673369,0.2889776928673369,outcome_joined_team,conference_fixed_effects,conference_dummy
subcode__returns_to_earlier_idea,0.2840221794678123,0.2840221794678123,outcome_joined_team,conference_fixed_effects,behavior_or_control
subcode__records_or_documents,0.28366933348876955,0.28366933348876955,outcome_joined_team,conference_fixed_effects,behavior_or_control
subcode__asks_factual_question,0.27898284004429574,0.27898284004429574,outcome_joined_team,conference_fixed_effects,behavior_or_control
subcode__calls_for_decision,-0.27897610407678286,0.27897610407678286,outcome_joined_team,conference_fixed_effects,behavior_or_control
subcode__specific_future_plan,-0.26923545864154746,0.26923545864154746,outcome_joined_team,conference_fixed_effects,behavior_or_control
subcode__redirects_idea,-0.2586874441637677,0.2586874441637677,outcome_joined_team,conference_fixed_effects,behavior_or_control
subcode__translates_terminology,-0.2418919295944163,0.2418919295944163,outcome_joined_team,conference_fixed_effects,behavior_or_control
speaking_minutes_total,0.22590336124581276,0.22590336124581276,outcome_joined_team,conference_fixed_effects,behavior_or_control
subcode__proposes_new_idea,0.21574219571788678,0.21574219571788678,outcome_joined_team,conference_fixed_effects,behavior_or_control
subcode__devil_advocate,0.20018319201196028,0.20018319201196028,outcome_joined_team,conference_fixed_effects,behavior_or_control
conf_2021NES,0.19948527367694066,0.19948527367694066,outcome_joined_team,conference_fixed_effects,conference_dummy
subcode__shares_data_or_findings,-0.18902936606768186,0.18902936606768186,outcome_joined_team,conference_fixed_effects,behavior_or_control
subcode__connects_methods,0.18760708562465137,0.18760708562465137,outcome_joined_team,conference_fixed_effects,behavior_or_control
subcode__synthesizes_contributions,-0.18070312786265963,0.18070312786265963,outcome_joined_team,conference_fixed_effects,behavior_or_control
subcode__societal_significance,-0.18002701598828907,0.18002701598828907,outcome_joined_team,conference_fixed_effects,behavior_or_control
subcode__setback_response_accepts_builds,-0.17425138772654686,0.17425138772654686,outcome_joined_team,conference_fixed_effects,behavior_or_control
conf_2022MND,-0.1741876918549275,0.1741876918549275,outcome_joined_team,conference_fixed_effects,conference_dummy
subcode__implicit_role_suggestion,-0.1737211576994984,0.1737211576994984,outcome_joined_team,conference_fixed_effects,behavior_or_control
subcode__expertise_complementarity,0.17240613423841109,0.17240613423841109,outcome_joined_team,conference_fixed_effects,behavior_or_control
subcode__expresses_enthusiasm,0.16918595476406278,0.16918595476406278,outcome_joined_team,conference_fixed_effects,behavior_or_control
subcode__asks_for_opinion,0.16575172337002983,0.16575172337002983,outcome_joined_team,conference_fixed_effects,behavior_or_control
subcode__vague_future_reference,0.1566857630533953,0.1566857630533953,outcome_joined_team,conference_fixed_effects,behavior_or_control
subcode__setback_response_explores,-0.15333930512396676,0.15333930512396676,outcome_joined_team,conference_fixed_effects,behavior_or_control
subcode__explicit_role_assignment,0.14384883509372037,0.14384883509372037,outcome_joined_team,conference_fixed_effects,behavior_or_control
subcode__scope_calibration,-0.12799325418458143,0.12799325418458143,outcome_joined_team,conference_fixed_effects,behavior_or_control
subcode__yields_floor,-0.12294461742631661,0.12294461742631661,outcome_joined_team,conference_fixed_effects,behavior_or_control
subcode__method_complementarity,0.09983726477755277,0.09983726477755277,outcome_joined_team,conference_fixed_effects,behavior_or_control
subcode__raises_concern,0.0928358261716666,0.0928358261716666,outcome_joined_team,conference_fixed_effects,behavior_or_control
subcode__redirects_speaker,0.08619336659624759,0.08619336659624759,outcome_joined_team,conference_fixed_effects,behavior_or_control
subcode__shares_method_or_approach,0.08551666109041907,0.08551666109041907,outcome_joined_team,conference_fixed_effects,behavior_or_control
subcode__field_significance,0.07394365847545853,0.07394365847545853,outcome_joined_team,conference_fixed_effects,behavior_or_control
subcode__asks_rhetorical_question,0.0656870899200366,0.0656870899200366,outcome_joined_team,conference_fixed_effects,behavior_or_control
subcode__attributes_to_other,-0.06537631708134499,0.06537631708134499,outcome_joined_team,conference_fixed_effects,behavior_or_control
subcode__manages_tension,-0.06227462646708952,0.06227462646708952,outcome_joined_team,conference_fixed_effects,behavior_or_control
subcode__asks_clarifying_question,0.05952627788133668,0.05952627788133668,outcome_joined_team,conference_fixed_effects,behavior_or_control
subcode__setback_response_redirects,-0.05660250681519183,0.05660250681519183,outcome_joined_team,conference_fixed_effects,behavior_or_control
subcode__setback_response_defends,0.034697660897594365,0.034697660897594365,outcome_joined_team,conference_fixed_effects,behavior_or_control
subcode__asks_for_elaboration,0.03307098771036644,0.03307098771036644,outcome_joined_team,conference_fixed_effects,behavior_or_control
subcode__compares_options,0.03007436861048741,0.03007436861048741,outcome_joined_team,conference_fixed_effects,behavior_or_control
subcode__resolves_contradiction,0.025417409025569312,0.025417409025569312,outcome_joined_team,conference_fixed_effects,behavior_or_control
subcode__supports_or_validates,0.014130782447861229,0.014130782447861229,outcome_joined_team,conference_fixed_effects,behavior_or_control
subcode__frames_shared_problem,0.003788777615960195,0.003788777615960195,outcome_joined_team,conference_fixed_effects,behavior_or_control
subcode__proposes_process,-1.0809646622709594,1.0809646622709594,outcome_joined_team,facilitator_behavior_interactions,behavior_or_control
is_facilitator,-0.7546068663682227,0.7546068663682227,outcome_joined_team,facilitator_behavior_interactions,behavior_or_control
subcode__extends_existing_idea,0.6292293874989768,0.6292293874989768,outcome_joined_team,facilitator_behavior_interactions,behavior_or_control
subcode__invites_contribution,-0.6223080911657155,0.6223080911657155,outcome_joined_team,facilitator_behavior_interactions,behavior_or_control
subcode__summarizes_for_group,-0.6015095434275759,0.6015095434275759,outcome_joined_team,facilitator_behavior_interactions,behavior_or_control
subcode__expresses_appreciation,-0.585089071071621,0.585089071071621,outcome_joined_team,facilitator_behavior_interactions,behavior_or_control
n_sessions_attended,0.5603133128157707,0.5603133128157707,outcome_joined_team,facilitator_behavior_interactions,behavior_or_control
subcode__individual_framing,0.5433667913153918,0.5433667913153918,outcome_joined_team,facilitator_behavior_interactions,behavior_or_control
is_facilitator_x_shares_domain_knowledge,-0.5017998513909434,0.5017998513909434,outcome_joined_team,facilitator_behavior_interactions,interaction_term
subcode__encourages_participation,-0.49835071400740916,0.49835071400740916,outcome_joined_team,facilitator_behavior_interactions,behavior_or_control
subcode__ambiguous,-0.4981666915723682,0.4981666915723682,outcome_joined_team,facilitator_behavior_interactions,behavior_or_control
subcode__uses_humor,-0.45920785898090616,0.45920785898090616,outcome_joined_team,facilitator_behavior_interactions,behavior_or_control
subcode__identifies_common_ground,0.4476659819102977,0.4476659819102977,outcome_joined_team,facilitator_behavior_interactions,behavior_or_control
speaking_minutes_total,0.4309180893988424,0.4309180893988424,outcome_joined_team,facilitator_behavior_interactions,behavior_or_control
subcode__combines_ideas,0.41688346971346885,0.41688346971346885,outcome_joined_team,facilitator_behavior_interactions,behavior_or_control
subcode__calls_for_decision,-0.4092868963953225,0.4092868963953225,outcome_joined_team,facilitator_behavior_interactions,behavior_or_control
subcode__reframes_cross_disciplinarily,0.3950131780074113,0.3950131780074113,outcome_joined_team,facilitator_behavior_interactions,behavior_or_control
subcode__checks_consensus,0.39253657086327987,0.39253657086327987,outcome_joined_team,facilitator_behavior_interactions,behavior_or_control
is_facilitator_x_individual_framing,-0.37772183216152866,0.37772183216152866,outcome_joined_team,facilitator_behavior_interactions,interaction_term
subcode__proposes_next_step,-0.3496704644380812,0.3496704644380812,outcome_joined_team,facilitator_behavior_interactions,behavior_or_control
subcode__shares_personal_experience,-0.34569484711181125,0.34569484711181125,outcome_joined_team,facilitator_behavior_interactions,behavior_or_control
subcode__asks_for_opinion,0.34377181218925473,0.34377181218925473,outcome_joined_team,facilitator_behavior_interactions,behavior_or_control
is_facilitator_x_extends_existing_idea,-0.33806645882596276,0.33806645882596276,outcome_joined_team,facilitator_behavior_interactions,interaction_term
subcode__funding_priority_alignment,-0.3306352404535186,0.3306352404535186,outcome_joined_team,facilitator_behavior_interactions,behavior_or_control
subcode__returns_to_earlier_idea,0.31196370561698833,0.31196370561698833,outcome_joined_team,facilitator_behavior_interactions,behavior_or_control
subcode__shares_domain_knowledge,0.2952498246429045,0.2952498246429045,outcome_joined_team,facilitator_behavior_interactions,behavior_or_control
subcode__critiques_or_challenges,0.2831098471227026,0.2831098471227026,outcome_joined_team,facilitator_behavior_interactions,behavior_or_control
is_facilitator_x_invites_contribution,-0.28259773372408503,0.28259773372408503,outcome_joined_team,facilitator_behavior_interactions,interaction_term
subcode__explicit_role_assignment,0.2790485189562923,0.2790485189562923,outcome_joined_team,facilitator_behavior_interactions,behavior_or_control
subcode__records_or_documents,0.26656092821970817,0.26656092821970817,outcome_joined_team,facilitator_behavior_interactions,behavior_or_control
subcode__connects_methods,0.2660869855656778,0.2660869855656778,outcome_joined_team,facilitator_behavior_interactions,behavior_or_control
subcode__translates_terminology,-0.2570749340633248,0.2570749340633248,outcome_joined_team,facilitator_behavior_interactions,behavior_or_control
subcode__asks_factual_question,0.24869562916897436,0.24869562916897436,outcome_joined_team,facilitator_behavior_interactions,behavior_or_control
subcode__specific_future_plan,-0.24572471454401357,0.24572471454401357,outcome_joined_team,facilitator_behavior_interactions,behavior_or_control
subcode__redirects_idea,-0.2367724807921009,0.2367724807921009,outcome_joined_team,facilitator_behavior_interactions,behavior_or_control
subcode__synthesizes_contributions,-0.23623456896844255,0.23623456896844255,outcome_joined_team,facilitator_behavior_interactions,behavior_or_control
subcode__setback_response_accepts_builds,-0.20620126130334093,0.20620126130334093,outcome_joined_team,facilitator_behavior_interactions,behavior_or_control
subcode__expertise_complementarity,0.2011110622611713,0.2011110622611713,outcome_joined_team,facilitator_behavior_interactions,behavior_or_control
subcode__setback_response_explores,-0.18332038065052322,0.18332038065052322,outcome_joined_team,facilitator_behavior_interactions,behavior_or_control
subcode__proposes_new_idea,0.17416580456876637,0.17416580456876637,outcome_joined_team,facilitator_behavior_interactions,behavior_or_control
subcode__vague_future_reference,0.16552497149501344,0.16552497149501344,outcome_joined_team,facilitator_behavior_interactions,behavior_or_control
subcode__raises_concern,0.16118682565669704,0.16118682565669704,outcome_joined_team,facilitator_behavior_interactions,behavior_or_control
subcode__joint_framing,0.1557350786511427,0.1557350786511427,outcome_joined_team,facilitator_behavior_interactions,behavior_or_control
subcode__implicit_role_suggestion,-0.154431660043376,0.154431660043376,outcome_joined_team,facilitator_behavior_interactions,behavior_or_control
is_facilitator_x_proposes_process,-0.1418347177632825,0.1418347177632825,outcome_joined_team,facilitator_behavior_interactions,interaction_term
subcode__expresses_enthusiasm,0.13335305391401386,0.13335305391401386,outcome_joined_team,facilitator_behavior_interactions,behavior_or_control
subcode__frames_shared_problem,0.1251687091504165,0.1251687091504165,outcome_joined_team,facilitator_behavior_interactions,behavior_or_control
subcode__method_complementarity,0.1161254952092426,0.1161254952092426,outcome_joined_team,facilitator_behavior_interactions,behavior_or_control
subcode__attributes_to_other,-0.11281716402380661,0.11281716402380661,outcome_joined_team,facilitator_behavior_interactions,behavior_or_control
subcode__scope_calibration,-0.10780373552397034,0.10780373552397034,outcome_joined_team,facilitator_behavior_interactions,behavior_or_control
subcode__shares_data_or_findings,-0.10248326122222344,0.10248326122222344,outcome_joined_team,facilitator_behavior_interactions,behavior_or_control
subcode__field_significance,0.10035595017645377,0.10035595017645377,outcome_joined_team,facilitator_behavior_interactions,behavior_or_control
subcode__devil_advocate,0.09531648583678853,0.09531648583678853,outcome_joined_team,facilitator_behavior_interactions,behavior_or_control
subcode__societal_significance,-0.06881566961768609,0.06881566961768609,outcome_joined_team,facilitator_behavior_interactions,behavior_or_control
subcode__asks_clarifying_question,0.05746522044275686,0.05746522044275686,outcome_joined_team,facilitator_behavior_interactions,behavior_or_control
subcode__supports_or_validates,-0.054440838674865356,0.054440838674865356,outcome_joined_team,facilitator_behavior_interactions,behavior_or_control
subcode__setback_response_defends,0.05385686565584814,0.05385686565584814,outcome_joined_team,facilitator_behavior_interactions,behavior_or_control
subcode__manages_tension,-0.04976538194894076,0.04976538194894076,outcome_joined_team,facilitator_behavior_interactions,behavior_or_control
subcode__compares_options,0.04524810471100782,0.04524810471100782,outcome_joined_team,facilitator_behavior_interactions,behavior_or_control
subcode__yields_floor,0.04320813771750365,0.04320813771750365,outcome_joined_team,facilitator_behavior_interactions,behavior_or_control
subcode__resolves_contradiction,0.040147544014441774,0.040147544014441774,outcome_joined_team,facilitator_behavior_interactions,behavior_or_control
subcode__asks_rhetorical_question,-0.03228312720428734,0.03228312720428734,outcome_joined_team,facilitator_behavior_interactions,behavior_or_control
subcode__redirects_speaker,0.024275961755071213,0.024275961755071213,outcome_joined_team,facilitator_behavior_interactions,behavior_or_control
subcode__asks_for_elaboration,-0.007192517962514012,0.007192517962514012,outcome_joined_team,facilitator_behavior_interactions,behavior_or_control
subcode__setback_response_redirects,-0.0048241719709573045,0.0048241719709573045,outcome_joined_team,facilitator_behavior_interactions,behavior_or_control
subcode__shares_method_or_approach,0.0019465474152192274,0.0019465474152192274,outcome_joined_team,facilitator_behavior_interactions,behavior_or_control
subcode__proposes_process,-1.2923514854134937,1.2923514854134937,outcome_joined_funded_team,conference_fixed_effects,behavior_or_control
is_facilitator,-0.9890998001384091,0.9890998001384091,outcome_joined_funded_team,conference_fixed_effects,behavior_or_control
subcode__invites_contribution,-0.6923819933800177,0.6923819933800177,outcome_joined_funded_team,conference_fixed_effects,behavior_or_control
n_sessions_attended,0.577190834088732,0.577190834088732,outcome_joined_funded_team,conference_fixed_effects,behavior_or_control
subcode__individual_framing,0.4935043518466038,0.4935043518466038,outcome_joined_funded_team,conference_fixed_effects,behavior_or_control
subcode__extends_existing_idea,0.45664798204193036,0.45664798204193036,outcome_joined_funded_team,conference_fixed_effects,behavior_or_control
subcode__shares_domain_knowledge,0.30911806634782374,0.30911806634782374,outcome_joined_funded_team,conference_fixed_effects,behavior_or_control
conf_2021MND,-0.28898406383772535,0.28898406383772535,outcome_joined_funded_team,conference_fixed_effects,conference_dummy
speaking_minutes_total,-0.26747901150967607,0.26747901150967607,outcome_joined_funded_team,conference_fixed_effects,behavior_or_control
subcode__asks_factual_question,0.2514341907570362,0.2514341907570362,outcome_joined_funded_team,conference_fixed_effects,behavior_or_control
subcode__supports_or_validates,-0.17184556609106008,0.17184556609106008,outcome_joined_funded_team,conference_fixed_effects,behavior_or_control
subcode__shares_method_or_approach,0.1532898150207211,0.1532898150207211,outcome_joined_funded_team,conference_fixed_effects,behavior_or_control
subcode__ambiguous,-0.13895067866727587,0.13895067866727587,outcome_joined_funded_team,conference_fixed_effects,behavior_or_control
conf_2021MZT,-0.13471626515358562,0.13471626515358562,outcome_joined_funded_team,conference_fixed_effects,conference_dummy
subcode__proposes_new_idea,0.1343845677209506,0.1343845677209506,outcome_joined_funded_team,conference_fixed_effects,behavior_or_control
conf_2021NES,0.11977977118778536,0.11977977118778536,outcome_joined_funded_team,conference_fixed_effects,conference_dummy
conf_2021SLU,-0.10803796080928921,0.10803796080928921,outcome_joined_funded_team,conference_fixed_effects,conference_dummy
conf_2021CMC,-0.09800000298899109,0.09800000298899109,outcome_joined_funded_team,conference_fixed_effects,conference_dummy
conf_2021ABI,0.08407218687574403,0.08407218687574403,outcome_joined_funded_team,conference_fixed_effects,conference_dummy
subcode__joint_framing,-0.07843931014422174,0.07843931014422174,outcome_joined_funded_team,conference_fixed_effects,behavior_or_control
subcode__uses_humor,-0.062410598729798324,0.062410598729798324,outcome_joined_funded_team,conference_fixed_effects,behavior_or_control
subcode__synthesizes_contributions,0.055327897963263276,0.055327897963263276,outcome_joined_funded_team,conference_fixed_effects,behavior_or_control
subcode__asks_clarifying_question,0.05176095887153351,0.05176095887153351,outcome_joined_funded_team,conference_fixed_effects,behavior_or_control
conf_2022MND,-0.000981156769198432,0.000981156769198432,outcome_joined_funded_team,conference_fixed_effects,conference_dummy
subcode__proposes_process,-1.2381663609313487,1.2381663609313487,outcome_joined_funded_team,facilitator_behavior_interactions,behavior_or_control
subcode__invites_contribution,-0.7631498332215334,0.7631498332215334,outcome_joined_funded_team,facilitator_behavior_interactions,behavior_or_control
is_facilitator,-0.6204794987726521,0.6204794987726521,outcome_joined_funded_team,facilitator_behavior_interactions,behavior_or_control
n_sessions_attended,0.5074688761621732,0.5074688761621732,outcome_joined_funded_team,facilitator_behavior_interactions,behavior_or_control
subcode__individual_framing,0.46359975326917385,0.46359975326917385,outcome_joined_funded_team,facilitator_behavior_interactions,behavior_or_control
subcode__extends_existing_idea,0.36994051607292366,0.36994051607292366,outcome_joined_funded_team,facilitator_behavior_interactions,behavior_or_control
subcode__shares_domain_knowledge,0.25458586664224575,0.25458586664224575,outcome_joined_funded_team,facilitator_behavior_interactions,behavior_or_control
is_facilitator_x_shares_domain_knowledge,-0.2248735018695669,0.2248735018695669,outcome_joined_funded_team,facilitator_behavior_interactions,interaction_term
subcode__asks_factual_question,0.20384571883598293,0.20384571883598293,outcome_joined_funded_team,facilitator_behavior_interactions,behavior_or_control
is_facilitator_x_individual_framing,-0.18550589873181128,0.18550589873181128,outcome_joined_funded_team,facilitator_behavior_interactions,interaction_term
is_facilitator_x_extends_existing_idea,-0.1618877050355245,0.1618877050355245,outcome_joined_funded_team,facilitator_behavior_interactions,interaction_term
subcode__shares_method_or_approach,0.1509235993312259,0.1509235993312259,outcome_joined_funded_team,facilitator_behavior_interactions,behavior_or_control
subcode__joint_framing,-0.1284970149745868,0.1284970149745868,outcome_joined_funded_team,facilitator_behavior_interactions,behavior_or_control
speaking_minutes_total,-0.12722105382343107,0.12722105382343107,outcome_joined_funded_team,facilitator_behavior_interactions,behavior_or_control
subcode__supports_or_validates,-0.12505668948113466,0.12505668948113466,outcome_joined_funded_team,facilitator_behavior_interactions,behavior_or_control
subcode__proposes_new_idea,0.11488673735068,0.11488673735068,outcome_joined_funded_team,facilitator_behavior_interactions,behavior_or_control
is_facilitator_x_proposes_process,-0.08029648031562736,0.08029648031562736,outcome_joined_funded_team,facilitator_behavior_interactions,interaction_term
subcode__asks_clarifying_question,0.06227408727648968,0.06227408727648968,outcome_joined_funded_team,facilitator_behavior_interactions,behavior_or_control
subcode__ambiguous,-0.05606624317870159,0.05606624317870159,outcome_joined_funded_team,facilitator_behavior_interactions,behavior_or_control
subcode__uses_humor,-0.045671173576019464,0.045671173576019464,outcome_joined_funded_team,facilitator_behavior_interactions,behavior_or_control
subcode__synthesizes_contributions,0.04340157482740443,0.04340157482740443,outcome_joined_funded_team,facilitator_behavior_interactions,behavior_or_control
is_facilitator_x_invites_contribution,-0.039630427120064225,0.039630427120064225,outcome_joined_funded_team,facilitator_behavior_interactions,interaction_term
