feature,outcome,auc_loso,n,approx_p_value,bh_q_value
session_mean_num_extends_existing_idea,outcome_has_teams,0.5730698529411765,162,0.3523569015016603,0.45173961730982093
session_beginning_num_extends_existing_idea,outcome_has_teams,0.2300091911764706,162,0.0005894521158882338,0.0010915779923856182
session_middle_num_extends_existing_idea,outcome_has_teams,0.47954963235294124,162,0.794639556917446,0.9000771680294697
session_end_num_extends_existing_idea,outcome_has_teams,0.35615808823529416,162,0.0671291099821052,0.09871927938544882
session_delta_num_extends_existing_idea,outcome_has_teams,0.27550551470588236,162,0.004271967664927656,0.007401924171904354
session_mean_num_ambiguous,outcome_has_teams,0.58984375,162,0.25282099317460327,0.3364537931981412
session_beginning_num_ambiguous,outcome_has_teams,0.02090992647058824,162,1.075239675074613e-09,6.842434295929355e-09
session_middle_num_ambiguous,outcome_has_teams,0.5620404411764707,162,0.42973459435824113,0.5371682429478014
session_end_num_ambiguous,outcome_has_teams,0.3244485294117647,162,0.025456408394287866,0.039598857502225575
session_delta_num_ambiguous,outcome_has_teams,0.3499540441176471,162,0.056162417219788985,0.08509457154513483
session_mean_num_asks_rhetorical_question,outcome_has_teams,0.3573069852941176,162,0.06934191087663244,0.1011236200284223
session_beginning_num_asks_rhetorical_question,outcome_has_teams,0.0234375,162,1.3142076316086104e-09,7.666211184383561e-09
session_middle_num_asks_rhetorical_question,outcome_has_teams,0.32284007352941174,162,0.024141004121066123,0.03772031893916582
session_end_num_asks_rhetorical_question,outcome_has_teams,0.0234375,162,1.3142076316086104e-09,7.540535591196946e-09
session_delta_num_asks_rhetorical_question,outcome_has_teams,0.0078125,162,3.739655252132934e-10,6.23275875355489e-09
session_mean_num_joint_framing,outcome_has_teams,0.4430147058823529,162,0.46826531795254844,0.5730519625293425
session_beginning_num_joint_framing,outcome_has_teams,0.4597886029411764,162,0.6087857214011723,0.7198479813865213
session_middle_num_joint_framing,outcome_has_teams,0.5149356617647058,162,0.8492308179773331,0.9435897977525923
session_end_num_joint_framing,outcome_has_teams,0.38465073529411764,162,0.14206173052773474,0.20130204730650672
session_delta_num_joint_framing,outcome_has_teams,0.5215992647058824,162,0.7833824970945817,0.8989635212560775
session_mean_num_supports_or_validates,outcome_has_teams,0.49908088235294124,162,0.9906661940496737,1.0
session_beginning_num_supports_or_validates,outcome_has_teams,0.28239889705882354,162,0.0056123470385447405,0.009535541084906113
session_middle_num_supports_or_validates,outcome_has_teams,0.12821691176470587,162,2.2228974458915474e-06,5.678935080744829e-06
session_end_num_supports_or_validates,outcome_has_teams,0.40303308823529405,162,0.21713312039950727,0.29456043465049436
session_delta_num_supports_or_validates,outcome_has_teams,0.37959558823529416,162,0.12539959845475535,0.17914228350679334
session_mean_num_returns_to_earlier_idea,outcome_has_teams,0.5287224264705882,162,0.7146808852899089,0.8255389764074855
session_beginning_num_returns_to_earlier_idea,outcome_has_teams,0.02274816176470588,162,1.2443339691969868e-09,7.777087307481167e-09
session_middle_num_returns_to_earlier_idea,outcome_has_teams,0.49172794117647056,162,0.9161487763995693,0.9958138873908362
session_end_num_returns_to_earlier_idea,outcome_has_teams,0.1171875,162,1.1024638617573856e-06,3.0145496219928514e-06
session_delta_num_returns_to_earlier_idea,outcome_has_teams,0.1171875,162,1.1024638617573856e-06,2.9911810202719764e-06
session_mean_num_proposes_process,outcome_has_teams,0.47909007352941174,162,0.7901314558652859,0.9008013340483716
session_beginning_num_proposes_process,outcome_has_teams,0.43037683823529416,162,0.37553229726810144,0.47449929257702345
session_middle_num_proposes_process,outcome_has_teams,0.4919577205882353,162,0.9184697372528172,0.9952458453203901
session_end_num_proposes_process,outcome_has_teams,0.515625,162,0.8423614786183198,0.9389379538739233
session_delta_num_proposes_process,outcome_has_teams,0.49954044117647056,162,0.9953330171895713,1.0
session_mean_num_yields_floor,outcome_has_teams,0.4221047794117647,162,0.3214686794194326,0.41518095127971
session_beginning_num_yields_floor,outcome_has_teams,0.22840073529411764,162,0.000546439192927739,0.0010173070081101524
session_middle_num_yields_floor,outcome_has_teams,0.3545496323529412,162,0.0641291461999065,0.09551149434028629
session_end_num_yields_floor,outcome_has_teams,0.07352941176470588,162,5.696210103600663e-08,2.0343607512859512e-07
session_delta_num_yields_floor,outcome_has_teams,0.23437500000000003,162,0.0007226084905580521,0.0013311209036595696
session_mean_num_invites_contribution,outcome_has_teams,0.5776654411764706,162,0.3228981999985012,0.4154940073510126
session_beginning_num_invites_contribution,outcome_has_teams,0.5142463235294117,162,0.8561116242427551,0.9452336545267013
session_middle_num_invites_contribution,outcome_has_teams,0.5454963235294117,162,0.5625394721175823,0.6742767645244993
session_end_num_invites_contribution,outcome_has_teams,0.2948069852941177,162,0.00900983597972016,0.015234022187932638
session_delta_num_invites_contribution,outcome_has_teams,0.5110294117647058,162,0.8883585792412463,0.9686152733160006
session_mean_num_proposes_new_idea,outcome_has_teams,0.5710018382352942,162,0.3661513892683943,0.46771162862751103
session_beginning_num_proposes_new_idea,outcome_has_teams,0.15992647058823534,162,1.5017647201798212e-05,3.3910816262124996e-05
session_middle_num_proposes_new_idea,outcome_has_teams,0.5581341911764706,162,0.45934401462988905,0.5660929757762717
session_end_num_proposes_new_idea,outcome_has_teams,0.22472426470588228,162,0.0004588624510466488,0.0008588334645258133
session_delta_num_proposes_new_idea,outcome_has_teams,0.30124080882352944,162,0.011413032746039331,0.01875380967659045
session_mean_num_expertise_complementarity,outcome_has_teams,0.33639705882352944,162,0.037312749667738565,0.057278343788195164
session_beginning_num_expertise_complementarity,outcome_has_teams,0.1275275735294118,162,2.12875976424165e-06,5.4784258638571874e-06
session_middle_num_expertise_complementarity,outcome_has_teams,0.08685661764705885,162,1.4526932479164145e-07,4.5805642952319375e-07
session_end_num_expertise_complementarity,outcome_has_teams,0.078125,162,7.891491904388204e-08,2.707864869152815e-07
session_delta_num_expertise_complementarity,outcome_has_teams,0.16773897058823534,162,2.3474018466140834e-05,5.167236769276284e-05
session_mean_num_individual_framing,outcome_has_teams,0.6465992647058824,162,0.06205479571948436,0.09321535837690782
session_beginning_num_individual_framing,outcome_has_teams,0.6063878676470588,162,0.17570559662090068,0.24403555086236206
session_middle_num_individual_framing,outcome_has_teams,0.6001838235294118,162,0.20226256092644923,0.27870825324510723
session_end_num_individual_framing,outcome_has_teams,0.3531709558823529,162,0.06164666032063448,0.09300142720785375
session_delta_num_individual_framing,outcome_has_teams,0.5985753676470588,162,0.2096023588081044,0.28656572493295523
session_mean_num_frames_shared_problem,outcome_has_teams,0.44002757352941174,162,0.4452699717839703,0.5506872442557936
session_beginning_num_frames_shared_problem,outcome_has_teams,0.2810202205882353,162,0.005317261815068086,0.009078251879384538
session_middle_num_frames_shared_problem,outcome_has_teams,0.5135569852941176,162,0.8630033860090645,0.9468689188187227
session_end_num_frames_shared_problem,outcome_has_teams,0.20863970588235292,162,0.0002085638449669247,0.0004078064007733165
session_delta_num_frames_shared_problem,outcome_has_teams,0.18795955882352944,162,7.138360346226058e-05,0.0001469662424223012
session_mean_num_checks_consensus,outcome_has_teams,0.4188878676470588,162,0.30188997030133424,0.394259289572638
session_beginning_num_checks_consensus,outcome_has_teams,0.0859375,162,1.3630843320733277e-07,4.3768762956482997e-07
session_middle_num_checks_consensus,outcome_has_teams,0.29940257352941174,162,0.010674173786777041,0.017705975475696516
session_end_num_checks_consensus,outcome_has_teams,0.22173713235294118,162,0.0003975451500186633,0.000752112445981255
session_delta_num_checks_consensus,outcome_has_teams,0.1881893382352941,162,7.226524504266862e-05,0.00014791132026277203
session_mean_num_shares_domain_knowledge,outcome_has_teams,0.5705422794117647,162,0.3692619866380029,0.46996980117564013
session_beginning_num_shares_domain_knowledge,outcome_has_teams,0.5620404411764707,162,0.42973459435824113,0.53525661218998
session_middle_num_shares_domain_knowledge,outcome_has_teams,0.5213694852941176,162,0.7856303671543721,0.8985968251765694
session_end_num_shares_domain_knowledge,outcome_has_teams,0.3805147058823529,162,0.1283101571861589,0.18255510168762445
session_delta_num_shares_domain_knowledge,outcome_has_teams,0.5358455882352942,162,0.648217509916053,0.7587830383632727
session_mean_num_synthesizes_contributions,outcome_has_teams,0.6812959558823529,162,0.02102580424100231,0.033148790470048685
session_beginning_num_synthesizes_contributions,outcome_has_teams,0.24011948529411764,162,0.0009405244128204426,0.0017056142201406991
session_middle_num_synthesizes_contributions,outcome_has_teams,0.5824908088235294,162,0.2937472694517249,0.385061963700763
session_end_num_synthesizes_contributions,outcome_has_teams,0.4096966911764706,162,0.25040201202891765,0.3345065046187832
session_delta_num_synthesizes_contributions,outcome_has_teams,0.38947610294117646,162,0.15950463416029637,0.22330648782441492
session_mean_num_societal_significance,outcome_has_teams,0.11879595588235294,162,1.2226247327884465e-06,3.2665546295874523e-06
session_beginning_num_societal_significance,outcome_has_teams,0.0234375,162,1.3142076316086104e-09,7.418914049403446e-09
session_middle_num_societal_significance,outcome_has_teams,0.10615808823529412,162,5.364667028384673e-07,1.5517631900286244e-06
session_end_num_societal_significance,outcome_has_teams,0.02872242647058824,162,1.9929051742195725e-09,1.0410698671296275e-08
session_delta_num_societal_significance,outcome_has_teams,0.04411764705882353,162,6.5358711776042355e-09,2.8956391293183322e-08
session_mean_num_shares_personal_experience,outcome_has_teams,0.40510110294117646,162,0.22709889974561914,0.3057100573498719
session_beginning_num_shares_personal_experience,outcome_has_teams,0.3046875,162,0.012921618291484416,0.020937807416757156
session_middle_num_shares_personal_experience,outcome_has_teams,0.44669117647058826,162,0.497448036254585,0.6024457186474212
session_end_num_shares_personal_experience,outcome_has_teams,0.27849264705882354,162,0.004812426601618736,0.008256614267483125
session_delta_num_shares_personal_experience,outcome_has_teams,0.42187499999999994,162,0.32004329786065644,0.41487094167122135
session_mean_num_explicit_role_assignment,outcome_has_teams,0.29825367647058826,162,0.010234279688043246,0.01705713281340541
session_beginning_num_explicit_role_assignment,outcome_has_teams,0.16796875,162,2.3781029033553835e-05,5.2021001010899015e-05
session_middle_num_explicit_role_assignment,outcome_has_teams,0.1518841911764706,162,9.38881043532902e-06,2.161897139713919e-05
session_end_num_explicit_role_assignment,outcome_has_teams,0.08318014705882355,162,1.1251830867031742e-07,3.7866738494818364e-07
session_delta_num_explicit_role_assignment,outcome_has_teams,0.1686580882352941,162,2.4725148854320977e-05,5.375032359634995e-05
session_mean_num_uses_humor,outcome_has_teams,0.5886948529411764,162,0.25893952486177807,0.3432910367485694
session_beginning_num_uses_humor,outcome_has_teams,0.3887867647058824,162,0.1569180249898634,0.22056750500583208
session_middle_num_uses_humor,outcome_has_teams,0.5691636029411764,162,0.3786919666932551,0.47677046166417014
session_end_num_uses_humor,outcome_has_teams,0.4584099264705882,162,0.5965590598580666,0.7101893569738887
session_delta_num_uses_humor,outcome_has_teams,0.5018382352941176,162,0.9813336653652582,1.0
session_mean_num_scope_calibration,outcome_has_teams,0.37385110294117646,162,0.10835889480838734,0.15543284091367038
session_beginning_num_scope_calibration,outcome_has_teams,0.06066176470588235,162,2.246462837973695e-08,8.364489290327588e-08
session_middle_num_scope_calibration,outcome_has_teams,0.3026194852941177,162,0.011996617542549881,0.019529377394848644
session_end_num_scope_calibration,outcome_has_teams,0.1015625,162,3.951458806827901e-07,1.1820603268288594e-06
session_delta_num_scope_calibration,outcome_has_teams,0.10431985294117647,162,4.7489893750807255e-07,1.3851219010652116e-06
session_mean_num_raises_concern,outcome_has_teams,0.5510110294117647,162,0.5161674878384195,0.6229607611842993
session_beginning_num_raises_concern,outcome_has_teams,0.17784926470588233,162,4.125980466840318e-05,8.752079778146128e-05
session_middle_num_raises_concern,outcome_has_teams,0.5542279411764706,162,0.4900627588338007,0.5955623805271884
session_end_num_raises_concern,outcome_has_teams,0.24448529411764702,162,0.0011452699173069014,0.002066208613698018
session_delta_num_raises_concern,outcome_has_teams,0.35477941176470584,162,0.06455081195661871,0.09573213637634131
session_mean_num_critiques_or_challenges,outcome_has_teams,0.5932904411764706,162,0.2350724567418161,0.3152312638300216
session_beginning_num_critiques_or_challenges,outcome_has_teams,0.07582720588235294,162,6.707380606485458e-08,2.3475832122699103e-07
session_middle_num_critiques_or_challenges,outcome_has_teams,0.5677849264705883,162,0.38826874240521647,0.487075483304035
session_end_num_critiques_or_challenges,outcome_has_teams,0.17371323529411764,162,3.282128706660892e-05,7.04751562779946e-05
session_delta_num_critiques_or_challenges,outcome_has_teams,0.16222426470588236,162,1.7142870156083845e-05,3.846156765788042e-05
session_mean_num_redirects_idea,outcome_has_teams,0.44508272058823534,162,0.48456274734702554,0.5909301796914945
session_beginning_num_redirects_idea,outcome_has_teams,0.027803308823529417,162,1.8542873903015789e-09,9.984624409316194e-09
session_middle_num_redirects_idea,outcome_has_teams,0.4650735294117647,162,0.6566512072117727,0.7660930750804015
session_end_num_redirects_idea,outcome_has_teams,0.08478860294117649,162,1.2585708208945334e-07,4.155658370878176e-07
session_delta_num_redirects_idea,outcome_has_teams,0.01999080882352941,162,9.993150751341773e-10,6.4770421536474455e-09
session_mean_num_None,outcome_has_teams,0.5392922794117647,162,0.6169982800397518,0.7271023502151956
session_beginning_num_None,outcome_has_teams,0.07398897058823531,162,5.885837373043046e-08,2.0808515965303696e-07
session_middle_num_None,outcome_has_teams,0.5390625,162,0.6190589821205243,0.7270826971214213
session_end_num_None,outcome_has_teams,0.12224264705882357,162,1.5239734458827314e-06,3.980527657156388e-06
session_delta_num_None,outcome_has_teams,0.17647058823529416,162,3.824116260386923e-05,8.161223726435506e-05
session_mean_num_asks_clarifying_question,outcome_has_teams,0.5863970588235294,162,0.2714824548905437,0.358561732874303
session_beginning_num_asks_clarifying_question,outcome_has_teams,0.39108455882352944,162,0.16566531426857267,0.2310074103346631
session_middle_num_asks_clarifying_question,outcome_has_teams,0.5450367647058824,162,0.566492744441182,0.6766978175918557
session_end_num_asks_clarifying_question,outcome_has_teams,0.3467371323529411,162,0.051090620654262064,0.0777465966477901
session_delta_num_asks_clarifying_question,outcome_has_teams,0.3642003676470588,162,0.08390809084988193,0.1213546768490028
session_mean_num_shares_data_or_findings,outcome_has_teams,0.10983455882352941,162,6.834960071255836e-07,1.9292226007576955e-06
session_beginning_num_shares_data_or_findings,outcome_has_teams,0.03125,162,2.4282256205765407e-09,1.2498220105908665e-08
session_middle_num_shares_data_or_findings,outcome_has_teams,0.271139705882353,162,0.0035807092313633326,0.006297729803905359
session_end_num_shares_data_or_findings,outcome_has_teams,0.1158088235294118,162,1.0085885233657166e-06,2.77957467069292e-06
session_delta_num_shares_data_or_findings,outcome_has_teams,0.14338235294117652,162,5.65212025716022e-06,1.3457429183714811e-05
session_mean_num_asks_factual_question,outcome_has_teams,0.6027113970588236,162,0.1911099423448679,0.264381343164837
session_beginning_num_asks_factual_question,outcome_has_teams,0.1783088235294118,162,4.23153051278824e-05,8.868477122610082e-05
session_middle_num_asks_factual_question,outcome_has_teams,0.6125919117647058,162,0.15184038335715688,0.21429086360889077
session_end_num_asks_factual_question,outcome_has_teams,0.0,162,1.9661605676901672e-10,6.881561986915585e-08
session_delta_num_asks_factual_question,outcome_has_teams,0.3166360294117647,162,0.01960397957830118,0.031047026481472454
session_mean_num_redirects_speaker,outcome_has_teams,0.3322610294117647,162,0.032763579618050764,0.050740056930609595
session_beginning_num_redirects_speaker,outcome_has_teams,0.13212316176470593,162,2.8366321715989073e-06,7.041285532337713e-06
session_middle_num_redirects_speaker,outcome_has_teams,0.30101102941176466,162,0.011318257751129268,0.0186858028910153
session_end_num_redirects_speaker,outcome_has_teams,0.06824448529411764,162,3.899350708991278e-08,1.4216382793197369e-07
session_delta_num_redirects_speaker,outcome_has_teams,0.1668198529411765,162,2.2283278031665077e-05,4.9361691842296055e-05
session_mean_num_vague_future_reference,outcome_has_teams,0.22426470588235298,162,0.0004488870368120068,0.0008446799079795827
session_beginning_num_vague_future_reference,outcome_has_teams,0.0390625,162,4.4434877999322e-09,2.04634306575825e-08
session_middle_num_vague_future_reference,outcome_has_teams,0.19715073529411764,162,0.0001158991758967165,0.00023048131570369758
session_end_num_vague_future_reference,outcome_has_teams,0.08478860294117649,162,1.2585708208945334e-07,4.11682044217838e-07
session_delta_num_vague_future_reference,outcome_has_teams,0.1204044117647059,162,1.3553336648541858e-06,3.5936877477194322e-06
session_mean_num_setback_response_defends,outcome_has_teams,0.20128676470588233,162,0.0001435334356885143,0.0002838231779151413
session_beginning_num_setback_response_defends,outcome_has_teams,0.015625,162,7.044429484182047e-10,5.359891998834166e-09
session_middle_num_setback_response_defends,outcome_has_teams,0.1716452205882353,162,2.9244112147885915e-05,6.318172377629673e-05
session_end_num_setback_response_defends,outcome_has_teams,0.03125,162,2.4282256205765407e-09,1.2317086481185352e-08
session_delta_num_setback_response_defends,outcome_has_teams,0.03125,162,2.4282256205765407e-09,1.2141128102882703e-08
session_mean_num_combines_ideas,outcome_has_teams,0.4806985294117647,162,0.8059395447992141,0.9070059185843247
session_beginning_num_combines_ideas,outcome_has_teams,0.0859375,162,1.3630843320733277e-07,4.337086511142406e-07
session_middle_num_combines_ideas,outcome_has_teams,0.42141544117647056,162,0.31720495242227686,0.4127201983189476
session_end_num_combines_ideas,outcome_has_teams,0.05307904411764706,162,1.2825386974668618e-08,5.343911239445257e-08
session_delta_num_combines_ideas,outcome_has_teams,0.09627757352941177,162,2.7687009684917996e-07,8.426481208453304e-07
session_mean_num_translates_terminology,outcome_has_teams,0.11810661764705885,162,1.1696596160515327e-06,3.1490835816772034e-06
session_beginning_num_translates_terminology,outcome_has_teams,0.028492647058823536,162,1.9573329623767677e-09,1.037979601260407e-08
session_middle_num_translates_terminology,outcome_has_teams,0.11052389705882357,162,7.150844374415044e-07,2.002236424836212e-06
session_end_num_translates_terminology,outcome_has_teams,0.03125,162,2.4282256205765407e-09,1.197012629861675e-08
session_delta_num_translates_terminology,outcome_has_teams,0.07950367647058824,162,8.69660365943048e-08,2.955156583301619e-07
session_mean_num_attributes_to_other,outcome_has_teams,0.40441176470588236,162,0.22374136562643532,0.30235319679248013
session_beginning_num_attributes_to_other,outcome_has_teams,0.054457720588235295,162,1.4210950638471331e-08,5.6520826403010975e-08
session_middle_num_attributes_to_other,outcome_has_teams,0.36144301470588236,162,0.07780903419209961,0.11300067206321521
session_end_num_attributes_to_other,outcome_has_teams,0.08340992647058824,162,1.1433643476443933e-07,3.811214492147978e-07
session_delta_num_attributes_to_other,outcome_has_teams,0.04549632352941177,162,7.256093059737623e-09,3.135348852973047e-08
session_mean_num_connects_methods,outcome_has_teams,0.48598345588235303,162,0.8584076862147556,0.9447883338841649
session_beginning_num_connects_methods,outcome_has_teams,0.05307904411764706,162,1.2825386974668618e-08,5.2810416954517836e-08
session_middle_num_connects_methods,outcome_has_teams,0.4588694852941176,162,0.6006221868295569,0.7126025945435421
session_end_num_connects_methods,outcome_has_teams,0.09099264705882354,162,1.9314833998862468e-07,5.9299928943876e-07
session_delta_num_connects_methods,outcome_has_teams,0.007352941176470588,162,3.6018343863020164e-10,7.003566862253921e-09
session_mean_num_asks_for_opinion,outcome_has_teams,0.5620404411764706,162,0.429734594358242,0.5333585390971088
session_beginning_num_asks_for_opinion,outcome_has_teams,0.19669117647058823,162,0.0001131593781922291,0.0002263187563844582
session_middle_num_asks_for_opinion,outcome_has_teams,0.5199908088235294,162,0.799154526760498,0.9022712398908849
session_end_num_asks_for_opinion,outcome_has_teams,0.0,162,1.9661605676901672e-10,3.4407809934577926e-08
session_delta_num_asks_for_opinion,outcome_has_teams,0.29664522058823534,162,0.009645548004634685,0.016230489430875673
session_mean_num_setback_response_accepts_builds,outcome_has_teams,0.33547794117647056,162,0.036257847519484576,0.05590417018422732
session_beginning_num_setback_response_accepts_builds,outcome_has_teams,0.08478860294117649,162,1.2585708208945334e-07,4.0787017343804325e-07
session_middle_num_setback_response_accepts_builds,outcome_has_teams,0.21691176470588236,162,0.00031441423683142844,0.0005980705591902172
session_end_num_setback_response_accepts_builds,outcome_has_teams,0.11397058823529414,162,8.953220165253128e-07,2.4870056014592024e-06
session_delta_num_setback_response_accepts_builds,outcome_has_teams,0.1511948529411765,162,9.014100223581067e-06,2.1032900521689157e-05
session_mean_num_asks_for_elaboration,outcome_has_teams,0.5303308823529411,162,0.6994603005806586,0.8106327986861936
session_beginning_num_asks_for_elaboration,outcome_has_teams,0.13717830882352944,162,3.875193388847009e-06,9.48473906361156e-06
session_middle_num_asks_for_elaboration,outcome_has_teams,0.4839154411764706,162,0.8377885409142847,0.9368242470287529
session_end_num_asks_for_elaboration,outcome_has_teams,0.10340073529411764,162,4.4672899646158726e-07,1.3139088131223155e-06
session_delta_num_asks_for_elaboration,outcome_has_teams,0.21507352941176472,162,0.000287264454218894,0.0005494128905825842
session_mean_num_expresses_appreciation,outcome_has_teams,0.6459099264705882,162,0.06329263650051509,0.09466847339820633
session_beginning_num_expresses_appreciation,outcome_has_teams,0.3046875,162,0.012921618291484416,0.020841319824974867
session_middle_num_expresses_appreciation,outcome_has_teams,0.1413143382352941,162,4.987254926369644e-06,1.2038201546409486e-05
session_end_num_expresses_appreciation,outcome_has_teams,0.49264705882352944,162,0.9254367107209569,0.9966241500071844
session_delta_num_expresses_appreciation,outcome_has_teams,0.4852941176470589,162,0.851523171166948,0.9431427528747842
session_mean_num_records_or_documents,outcome_has_teams,0.5698529411764706,162,0.3739585868288713,0.4742228456163223
session_beginning_num_records_or_documents,outcome_has_teams,0.1833639705882353,162,5.574869269375782e-05,0.0001154558724426937
session_middle_num_records_or_documents,outcome_has_teams,0.47931985294117646,162,0.7923846388042959,0.9004370895503362
session_end_num_records_or_documents,outcome_has_teams,0.27068014705882354,162,0.00351420794743329,0.006211983745462886
session_delta_num_records_or_documents,outcome_has_teams,0.3017003676470588,162,0.011604698564649407,0.018979647185174264
session_mean_num_summarizes_for_group,outcome_has_teams,0.35592830882352944,162,0.06669359943750552,0.09849265739716007
session_beginning_num_summarizes_for_group,outcome_has_teams,0.03883272058823529,162,4.36581282237114e-09,2.037379317106532e-08
session_middle_num_summarizes_for_group,outcome_has_teams,0.2715992647058824,162,0.0036483532895079662,0.006384618256638941
session_end_num_summarizes_for_group,outcome_has_teams,0.13097426470588236,162,2.6409987916586886e-06,6.602496979146721e-06
session_delta_num_summarizes_for_group,outcome_has_teams,0.0,162,1.9661605676901672e-10,2.2938539956385284e-08
session_mean_num_manages_tension,outcome_has_teams,0.3704044117647059,162,0.09904881593126658,0.14266290360470496
session_beginning_num_manages_tension,outcome_has_teams,0.0,162,1.9661605676901672e-10,1.7203904967288963e-08
session_middle_num_manages_tension,outcome_has_teams,0.17807904411764708,162,4.1784392851296204e-05,8.809962348164862e-05
session_end_num_manages_tension,outcome_has_teams,0.15625,162,1.2130828296541551e-05,2.775026080908198e-05
session_delta_num_manages_tension,outcome_has_teams,0.2109375,162,0.00023399887059016855,0.0004524840039036408
session_mean_num_specific_future_plan,outcome_has_teams,0.2364430147058823,162,0.0007949913699512035,0.0014567904684969696
session_beginning_num_specific_future_plan,outcome_has_teams,0.08708639705882355,162,1.4759706035150089e-07,4.6124081359844027e-07
session_middle_num_specific_future_plan,outcome_has_teams,0.14223345588235298,162,5.272939369138641e-06,1.264060807670222e-05
session_end_num_specific_future_plan,outcome_has_teams,0.07582720588235295,162,6.707380606485458e-08,2.324339814128624e-07
session_delta_num_specific_future_plan,outcome_has_teams,0.15625,162,1.2130828296541551e-05,2.7570064310321708e-05
session_mean_num_identifies_common_ground,outcome_has_teams,0.4875919117647059,162,0.8745126042940905,0.9564981609466615
session_beginning_num_identifies_common_ground,outcome_has_teams,0.12936580882352944,162,2.3887411095824262e-06,6.0584013648829655e-06
session_middle_num_identifies_common_ground,outcome_has_teams,0.4138327205882353,162,0.2727592559142966,0.35889375778196925
session_end_num_identifies_common_ground,outcome_has_teams,0.09834558823529412,162,3.1838451475252327e-07,9.60642932442958e-07
session_delta_num_identifies_common_ground,outcome_has_teams,0.20312500000000003,162,0.00015771133995867714,0.0003101065673344775
session_mean_num_funding_priority_alignment,outcome_has_teams,0.3568474264705882,162,0.06844970569939557,0.10024015478990983
session_beginning_num_funding_priority_alignment,outcome_has_teams,0.054687500000000014,162,1.4455593166928793e-08,5.6847838296910984e-08
session_middle_num_funding_priority_alignment,outcome_has_teams,0.3090533088235294,162,0.015084056834061554,0.02421752244000708
session_end_num_funding_priority_alignment,outcome_has_teams,0.10638786764705882,162,5.446835951161688e-07,1.5626168712349106e-06
session_delta_num_funding_priority_alignment,outcome_has_teams,0.13005514705882354,162,2.4938820193387556e-06,6.2795590415004634e-06
session_mean_num_resolves_contradiction,outcome_has_teams,0.2980238970588235,162,0.010148262711495937,0.016994698320686976
session_beginning_num_resolves_contradiction,outcome_has_teams,0.0234375,162,1.3142076316086104e-09,7.301153508936725e-09
session_middle_num_resolves_contradiction,outcome_has_teams,0.2748161764705882,162,0.004155338699572297,0.0072356644022403185
session_end_num_resolves_contradiction,outcome_has_teams,0.0,162,1.9661605676901672e-10,1.376312397383117e-08
session_delta_num_resolves_contradiction,outcome_has_teams,0.02274816176470588,162,1.2443339691969868e-09,7.640647179279743e-09
session_mean_num_shares_method_or_approach,outcome_has_teams,0.5268841911764706,162,0.732215518260535,0.8430112874710106
session_beginning_num_shares_method_or_approach,outcome_has_teams,0.1911764705882353,162,8.470531111059998e-05,0.00017136912652433522
session_middle_num_shares_method_or_approach,outcome_has_teams,0.5457261029411764,162,0.5605678431965742,0.6742224918171854
session_end_num_shares_method_or_approach,outcome_has_teams,0.26171875,162,0.002422759114716566,0.004304394366247706
session_delta_num_shares_method_or_approach,outcome_has_teams,0.3465073529411765,162,0.05074351683237621,0.0775555934119287
session_mean_num_proposes_next_step,outcome_has_teams,0.5337775735294117,162,0.6672550560844364,0.7758779721912051
session_beginning_num_proposes_next_step,outcome_has_teams,0.20886948529411772,162,0.00021098536726804618,0.00041024932524342313
session_middle_num_proposes_next_step,outcome_has_teams,0.5064338235294117,162,0.934734819216144,1.0
session_end_num_proposes_next_step,outcome_has_teams,0.0,162,1.9661605676901672e-10,1.1469269978192642e-08
session_delta_num_proposes_next_step,outcome_has_teams,0.3212316176470589,162,0.022884939989750386,0.03591806724848715
session_mean_num_encourages_participation,outcome_has_teams,0.4011948529411764,162,0.20854216641694556,0.2862343460624743
session_beginning_num_encourages_participation,outcome_has_teams,0.1516544117647059,162,9.262283610755873e-06,2.146886929645401e-05
session_middle_num_encourages_participation,outcome_has_teams,0.31295955882352944,162,0.017282772729134477,0.027620869658434095
session_end_num_encourages_participation,outcome_has_teams,0.10202205882352941,162,4.074747517179844e-07,1.208611551705886e-06
session_delta_num_encourages_participation,outcome_has_teams,0.1946231617647059,162,0.00010156910584813161,0.00020430567268302335
session_mean_num_compares_options,outcome_has_teams,0.3141084558823529,162,0.01798080887927811,0.02860583230794245
session_beginning_num_compares_options,outcome_has_teams,0.0,162,1.9661605676901672e-10,9.830802838450836e-09
session_middle_num_compares_options,outcome_has_teams,0.21093749999999997,162,0.00023399887059016855,0.00044999782805801646
session_end_num_compares_options,outcome_has_teams,0.0,162,1.9661605676901672e-10,8.601952483644482e-09
session_delta_num_compares_options,outcome_has_teams,0.0,162,1.9661605676901672e-10,7.646179985461762e-09
session_mean_num_setback_response_explores,outcome_has_teams,0.25988051470588236,162,0.002241451587059684,0.004002592119749436
session_beginning_num_setback_response_explores,outcome_has_teams,0.0,162,1.9661605676901672e-10,6.881561986915585e-09
session_middle_num_setback_response_explores,outcome_has_teams,0.27780330882352944,162,0.004682486011744924,0.0080732517443878
session_end_num_setback_response_explores,outcome_has_teams,0.015165441176470588,162,6.788669626445198e-10,5.280076376124043e-09
session_delta_num_setback_response_explores,outcome_has_teams,0.044347426470588244,162,6.650879624814365e-09,2.909759835856285e-08
session_mean_num_reframes_cross_disciplinarily,outcome_has_teams,0.40280330882352944,162,0.21604553879166888,0.29422544193417943
session_beginning_num_reframes_cross_disciplinarily,outcome_has_teams,0.007352941176470588,162,3.6018343863020164e-10,6.6349580800300305e-09
session_middle_num_reframes_cross_disciplinarily,outcome_has_teams,0.4420955882352941,162,0.4611206223247697,0.5662884835567347
session_end_num_reframes_cross_disciplinarily,outcome_has_teams,0.0703125,162,4.5250768687665754e-08,1.6327596949157746e-07
session_delta_num_reframes_cross_disciplinarily,outcome_has_teams,0.12132352941176472,162,1.4372770735793239e-06,3.782308088366642e-06
session_mean_num_setback_response_redirects,outcome_has_teams,0.058823529411764705,162,1.96267202490219e-08,7.548738557316116e-08
session_beginning_num_setback_response_redirects,outcome_has_teams,0.5,162,1.0,1.0
session_middle_num_setback_response_redirects,outcome_has_teams,0.06066176470588235,162,2.246462837973695e-08,8.276442034639929e-08
session_end_num_setback_response_redirects,outcome_has_teams,0.5,162,1.0,1.0
session_delta_num_setback_response_redirects,outcome_has_teams,0.5,162,1.0,1.0
session_mean_num_implicit_role_suggestion,outcome_has_teams,0.1640625,162,1.9046384271304007e-05,4.246009232456307e-05
session_beginning_num_implicit_role_suggestion,outcome_has_teams,0.015625,162,7.044429484182047e-10,5.245851743539822e-09
session_middle_num_implicit_role_suggestion,outcome_has_teams,0.140625,162,4.782782554446641e-06,1.1624818708724475e-05
session_end_num_implicit_role_suggestion,outcome_has_teams,0.0078125,162,3.739655252132934e-10,5.949451537484213e-09
session_delta_num_implicit_role_suggestion,outcome_has_teams,0.0078125,162,3.739655252132934e-10,5.690779731506639e-09
session_mean_num_expresses_enthusiasm,outcome_has_teams,0.4921875,162,0.920791393030848,0.9946820603728296
session_beginning_num_expresses_enthusiasm,outcome_has_teams,0.12660845588235295,162,2.009182888507155e-06,5.208992673907439e-06
session_middle_num_expresses_enthusiasm,outcome_has_teams,0.48299632352941174,162,0.8286592330478522,0.9295856780985522
session_end_num_expresses_enthusiasm,outcome_has_teams,0.18060661764705882,162,4.798839307973424e-05,9.9975818916113e-05
session_delta_num_expresses_enthusiasm,outcome_has_teams,0.2534466911764706,162,0.0017004029730629533,0.0030520053362668395
session_mean_num_challenges_attribution,outcome_has_teams,0.046875,162,8.05326316744015e-09,3.395954347715726e-08
session_beginning_num_challenges_attribution,outcome_has_teams,0.0078125,162,3.739655252132934e-10,5.453663909360529e-09
session_middle_num_challenges_attribution,outcome_has_teams,0.0390625,162,4.4434877999322e-09,2.0197671817873634e-08
session_end_num_challenges_attribution,outcome_has_teams,0.5,162,1.0,1.0
session_delta_num_challenges_attribution,outcome_has_teams,0.0078125,162,3.739655252132934e-10,5.235517352986108e-09
session_mean_num_calls_for_decision,outcome_has_teams,0.2387408088235294,162,0.0008832768065281105,0.0016101400119002014
session_beginning_num_calls_for_decision,outcome_has_teams,0.0,162,1.9661605676901672e-10,6.255965442650532e-09
session_middle_num_calls_for_decision,outcome_has_teams,0.18818933823529413,162,7.226524504266862e-05,0.00014705137072636057
session_end_num_calls_for_decision,outcome_has_teams,0.05307904411764706,162,1.2825386974668618e-08,5.219634233876763e-08
session_delta_num_calls_for_decision,outcome_has_teams,0.058823529411764705,162,1.96267202490219e-08,7.466687051258332e-08
session_mean_num_novelty_recognized_other,outcome_has_teams,0.04549632352941176,162,7.256093059737623e-09,3.097112891351424e-08
session_beginning_num_novelty_recognized_other,outcome_has_teams,0.5,162,1.0,1.0
session_middle_num_novelty_recognized_other,outcome_has_teams,0.037913602941176475,162,4.068115622146706e-09,1.9241087402045232e-08
session_end_num_novelty_recognized_other,outcome_has_teams,0.0078125,162,3.739655252132934e-10,5.034151300948181e-09
session_delta_num_novelty_recognized_other,outcome_has_teams,0.0078125,162,3.739655252132934e-10,4.8477012527649146e-09
session_mean_num_method_complementarity,outcome_has_teams,0.08823529411764705,162,1.5978743195255163e-07,4.949168246317971e-07
session_beginning_num_method_complementarity,outcome_has_teams,0.0234375,162,1.3142076316086104e-09,7.187072985359588e-09
session_middle_num_method_complementarity,outcome_has_teams,0.058823529411764705,162,1.96267202490219e-08,7.38640009371792e-08
session_end_num_method_complementarity,outcome_has_teams,0.0078125,162,3.739655252132934e-10,4.6745690651661675e-09
session_delta_num_method_complementarity,outcome_has_teams,0.015625,162,7.044429484182047e-10,5.136563165549409e-09
session_mean_num_field_significance,outcome_has_teams,0.15004595588235295,162,8.421136751035618e-06,1.978119371048635e-05
session_beginning_num_field_significance,outcome_has_teams,0.0078125,162,3.739655252132934e-10,4.5133770284363e-09
session_middle_num_field_significance,outcome_has_teams,0.14453125,162,6.057322510688579e-06,1.4324749180682449e-05
session_end_num_field_significance,outcome_has_teams,0.0,162,1.9661605676901672e-10,5.734634989096321e-09
session_delta_num_field_significance,outcome_has_teams,0.03676470588235295,162,3.7236771444071337e-09,1.7853246582773928e-08
session_mean_num_devil_advocate,outcome_has_teams,0.13556985294117652,162,3.5105134650326164e-06,8.652674033531097e-06
session_beginning_num_devil_advocate,outcome_has_teams,0.0078125,162,3.739655252132934e-10,4.362931127488423e-09
session_middle_num_devil_advocate,outcome_has_teams,0.10937500000000003,162,6.631887132790837e-07,1.8871223548591812e-06
session_end_num_devil_advocate,outcome_has_teams,0.007582720588235294,162,3.6701131023164635e-10,6.422697929053811e-09
session_delta_num_devil_advocate,outcome_has_teams,0.0,162,1.9661605676901672e-10,5.293509220704296e-09
session_mean_num_gatekeeps,outcome_has_teams,0.02274816176470588,162,1.2443339691969868e-09,7.508911883085265e-09
session_beginning_num_gatekeeps,outcome_has_teams,0.0078125,162,3.739655252132934e-10,4.2221914136984736e-09
session_middle_num_gatekeeps,outcome_has_teams,0.0,162,1.9661605676901672e-10,4.915401419225418e-09
session_end_num_gatekeeps,outcome_has_teams,0.015625,162,7.044429484182047e-10,5.031735345844319e-09
session_delta_num_gatekeeps,outcome_has_teams,0.0078125,162,3.739655252132934e-10,4.090247932020397e-09
session_mean_num_claims_own_idea,outcome_has_teams,0.053079044117647065,162,1.2825386974668618e-08,5.159638438085076e-08
session_beginning_num_claims_own_idea,outcome_has_teams,0.0078125,162,3.739655252132934e-10,3.966301024989475e-09
session_middle_num_claims_own_idea,outcome_has_teams,0.022748161764705878,162,1.2443339691969868e-09,7.381642190151616e-09
session_end_num_claims_own_idea,outcome_has_teams,0.015625,162,7.044429484182047e-10,4.9311006389274326e-09
session_delta_num_claims_own_idea,outcome_has_teams,0.015625,162,7.044429484182047e-10,4.834412391105326e-09
session_mean_num_defends,outcome_has_teams,0.0078125,162,3.739655252132934e-10,3.849645112489785e-09
session_beginning_num_defends,outcome_has_teams,0.5,162,1.0,1.0
session_middle_num_defends,outcome_has_teams,0.0078125,162,3.739655252132934e-10,3.739655252132934e-09
session_end_num_defends,outcome_has_teams,0.5,162,1.0,1.0
session_delta_num_defends,outcome_has_teams,0.5,162,1.0,1.0
session_mean_num_novelty_recognized_self,outcome_has_teams,0.0390625,162,4.4434877999322e-09,1.9938727307388074e-08
session_beginning_num_novelty_recognized_self,outcome_has_teams,0.5,162,1.0,1.0
session_middle_num_novelty_recognized_self,outcome_has_teams,0.03125,162,2.4282256205765407e-09,1.1803874544469295e-08
session_end_num_novelty_recognized_self,outcome_has_teams,0.015625,162,7.044429484182047e-10,4.741442922045608e-09
session_delta_num_novelty_recognized_self,outcome_has_teams,0.015625,162,7.044429484182047e-10,4.6519817348372e-09
session_mean_num_named_next_step,outcome_has_teams,0.05698529411764707,162,1.713818731374772e-08,6.664850622013003e-08
session_beginning_num_named_next_step,outcome_has_teams,0.5,162,1.0,1.0
session_middle_num_named_next_step,outcome_has_teams,0.0,162,1.9661605676901672e-10,4.587707991277057e-09
session_end_num_named_next_step,outcome_has_teams,0.0,162,1.9661605676901672e-10,4.300976241822241e-09
session_delta_num_named_next_step,outcome_has_teams,0.0,162,1.9661605676901672e-10,4.047977639362109e-09
session_mean_num_explores_possibility,outcome_has_teams,0.0078125,162,3.739655252132934e-10,3.6357759395736857e-09
session_beginning_num_explores_possibility,outcome_has_teams,0.5,162,1.0,1.0
session_middle_num_explores_possibility,outcome_has_teams,0.0078125,162,3.739655252132934e-10,3.5375117249906134e-09
session_end_num_explores_possibility,outcome_has_teams,0.5,162,1.0,1.0
session_delta_num_explores_possibility,outcome_has_teams,0.5,162,1.0,1.0
session_mean_num_resource_complementarity,outcome_has_teams,0.0078125,162,3.739655252132934e-10,3.444419311175071e-09
session_beginning_num_resource_complementarity,outcome_has_teams,0.0078125,162,3.739655252132934e-10,3.356100867298787e-09
session_middle_num_resource_complementarity,outcome_has_teams,0.5,162,1.0,1.0
session_end_num_resource_complementarity,outcome_has_teams,0.5,162,1.0,1.0
session_delta_num_resource_complementarity,outcome_has_teams,0.0078125,162,3.739655252132934e-10,3.2721983456163173e-09
session_mean_num_shares_factual_knowledge,outcome_has_teams,0.0078125,162,3.739655252132934e-10,3.192388629869578e-09
session_beginning_num_shares_factual_knowledge,outcome_has_teams,0.5,162,1.0,1.0
session_middle_num_shares_factual_knowledge,outcome_has_teams,0.0078125,162,3.739655252132934e-10,3.116379376777445e-09
session_end_num_shares_factual_knowledge,outcome_has_teams,0.5,162,1.0,1.0
session_delta_num_shares_factual_knowledge,outcome_has_teams,0.5,162,1.0,1.0
session_mean_num_evaluates,outcome_has_teams,0.0078125,162,3.739655252132934e-10,3.043905437782621e-09
session_beginning_num_evaluates,outcome_has_teams,0.5,162,1.0,1.0
session_middle_num_evaluates,outcome_has_teams,0.0078125,162,3.739655252132934e-10,2.9747257687421065e-09
session_end_num_evaluates,outcome_has_teams,0.5,162,1.0,1.0
session_delta_num_evaluates,outcome_has_teams,0.5,162,1.0,1.0
session_mean_num_extends_existing_idea,outcome_has_funded_teams,0.41882716049382707,162,0.301528291688165,0.39087000774391756
session_beginning_num_extends_existing_idea,outcome_has_funded_teams,0.15725308641975308,162,1.2861045570744523e-05,3.083127362849714e-05
session_middle_num_extends_existing_idea,outcome_has_funded_teams,0.4898148148148148,162,0.8968542272490376,0.987103709236362
session_end_num_extends_existing_idea,outcome_has_funded_teams,0.3251543209876543,162,0.026052910253458128,0.041074408057253806
session_delta_num_extends_existing_idea,outcome_has_funded_teams,0.3537037037037037,162,0.06259634482352161,0.09402884415550457
session_mean_num_ambiguous,outcome_has_funded_teams,0.46990740740740744,162,0.7017077723972955,0.8353663957110661
session_beginning_num_ambiguous,outcome_has_funded_teams,0.22978395061728396,162,0.00058324463817927,0.0010858277838443856
session_middle_num_ambiguous,outcome_has_funded_teams,0.4736111111111111,162,0.7369645863261638,0.8655624336045548
session_end_num_ambiguous,outcome_has_funded_teams,0.1594135802469136,162,1.4578834849343636e-05,3.424558521657901e-05
session_delta_num_ambiguous,outcome_has_funded_teams,0.36728395061728397,162,0.09118119850568052,0.13297258115411742
session_mean_num_asks_rhetorical_question,outcome_has_funded_teams,0.3435185185185185,162,0.04640572931101272,0.07123686517041426
session_beginning_num_asks_rhetorical_question,outcome_has_funded_teams,0.027623456790123457,162,1.8282837466188084e-09,1.0490152644534147e-08
session_middle_num_asks_rhetorical_question,outcome_has_funded_teams,0.3371913580246913,162,0.038245329340391265,0.05922949234131391
session_end_num_asks_rhetorical_question,outcome_has_funded_teams,0.0,162,1.9661605676901672e-10,6.881561986915585e-08
session_delta_num_asks_rhetorical_question,outcome_has_funded_teams,0.038271604938271565,162,4.181643920020406e-09,2.0327435722321418e-08
session_mean_num_joint_framing,outcome_has_funded_teams,0.35540123456790124,162,0.06570339898393951,0.09785612614629288
session_beginning_num_joint_framing,outcome_has_funded_teams,0.39799382716049375,162,0.19417512352856137,0.265473801699205
session_middle_num_joint_framing,outcome_has_funded_teams,0.49907407407407406,162,0.9905970579354038,1.0
session_end_num_joint_framing,outcome_has_funded_teams,0.513888888888889,162,0.8596837951986656,0.9613077582093703
session_delta_num_joint_framing,outcome_has_funded_teams,0.541820987654321,162,0.5945221992367173,0.7150610643740586
session_mean_num_supports_or_validates,outcome_has_funded_teams,0.5418209876543211,162,0.5945221992367162,0.7175267921822438
session_beginning_num_supports_or_validates,outcome_has_funded_teams,0.346604938271605,162,0.05089068675309383,0.07744234940688191
session_middle_num_supports_or_validates,outcome_has_funded_teams,0.6135802469135802,162,0.1482780524013656,0.21182578914480799
session_end_num_supports_or_validates,outcome_has_funded_teams,0.4356481481481481,162,0.41274912700969835,0.5196481814870303
session_delta_num_supports_or_validates,outcome_has_funded_teams,0.4351851851851852,162,0.4093954862099187,0.5172867154276952
session_mean_num_returns_to_earlier_idea,outcome_has_funded_teams,0.4893518518518518,162,0.8921937954273231,0.9881893303783642
session_beginning_num_returns_to_earlier_idea,outcome_has_funded_teams,0.04104938271604938,162,5.173670380997919e-09,2.3826113596700943e-08
session_middle_num_returns_to_earlier_idea,outcome_has_funded_teams,0.49475308641975313,162,0.9467550088401,1.0
session_end_num_returns_to_earlier_idea,outcome_has_funded_teams,0.09984567901234573,162,3.5219442873213325e-07,1.0187442153408813e-06
session_delta_num_returns_to_earlier_idea,outcome_has_funded_teams,0.13503086419753088,162,3.395847303133692e-06,8.48961825783423e-06
session_mean_num_proposes_process,outcome_has_funded_teams,0.5549382716049382,162,0.48439578379686,0.5948720151891262
session_beginning_num_proposes_process,outcome_has_funded_teams,0.5554012345679011,162,0.4807215007447243,0.5924384692276532
session_middle_num_proposes_process,outcome_has_funded_teams,0.40802469135802466,162,0.2417376570416918,0.3204855301689096
session_end_num_proposes_process,outcome_has_funded_teams,0.5162037037037037,162,0.8366038517798746,0.9568998304671769
session_delta_num_proposes_process,outcome_has_funded_teams,0.38209876543209875,162,0.13344928844191406,0.19142315965028658
session_mean_num_yields_floor,outcome_has_funded_teams,0.3998456790123457,162,0.20239548019672782,0.2745675118947858
session_beginning_num_yields_floor,outcome_has_funded_teams,0.24490740740740743,162,0.00116710932063957,0.002073544478293652
session_middle_num_yields_floor,outcome_has_funded_teams,0.3179012345679012,162,0.020463515864703963,0.03285426859012104
session_end_num_yields_floor,outcome_has_funded_teams,0.025617283950617284,162,1.561267337635286e-09,9.757920860220537e-09
session_delta_num_yields_floor,outcome_has_funded_teams,0.23996913580246912,162,0.0009341183999367342,0.0016766227691172152
session_mean_num_invites_contribution,outcome_has_funded_teams,0.6021604938271605,162,0.19350131894620315,0.26663567571327207
session_beginning_num_invites_contribution,outcome_has_funded_teams,0.5626543209876542,162,0.42518432293024366,0.5314804036628046
session_middle_num_invites_contribution,outcome_has_funded_teams,0.523611111111111,162,0.7637802519104113,0.8851757886378939
session_end_num_invites_contribution,outcome_has_funded_teams,0.350462962962963,162,0.05700196475687025,0.08599434338320944
session_delta_num_invites_contribution,outcome_has_funded_teams,0.5617283950617284,162,0.4320583811418923,0.5381510085397235
session_mean_num_proposes_new_idea,outcome_has_funded_teams,0.4294753086419753,162,0.36938135974534747,0.47183750332434893
session_beginning_num_proposes_new_idea,outcome_has_funded_teams,0.0,162,1.9661605676901672e-10,3.4407809934577926e-08
session_middle_num_proposes_new_idea,outcome_has_funded_teams,0.4853395061728395,162,0.8519761307321838,0.9619085346976269
session_end_num_proposes_new_idea,outcome_has_funded_teams,0.24598765432098763,162,0.0012247640808749072,0.0021649870116475633
session_delta_num_proposes_new_idea,outcome_has_funded_teams,0.30185185185185187,162,0.011668500239579105,0.019173591942970362
session_mean_num_expertise_complementarity,outcome_has_funded_teams,0.4307098765432099,162,0.37782045418367893,0.4808623962337732
session_beginning_num_expertise_complementarity,outcome_has_funded_teams,0.1375,162,3.952363659021074e-06,9.810831777711887e-06
session_middle_num_expertise_complementarity,outcome_has_funded_teams,0.4057098765432099,162,0.23009377109224305,0.3062084406170535
session_end_num_expertise_complementarity,outcome_has_funded_teams,0.013117283950617283,162,5.754756671194627e-10,5.924014220347411e-09
session_delta_num_expertise_complementarity,outcome_has_funded_teams,0.012191358024691358,162,5.339397812775815e-10,5.662997680216773e-09
session_mean_num_individual_framing,outcome_has_funded_teams,0.5617283950617284,162,0.4320583811418923,0.5362426716300082
session_beginning_num_individual_framing,outcome_has_funded_teams,0.5279320987654321,162,0.7222018800083452,0.8510796565754909
session_middle_num_individual_framing,outcome_has_funded_teams,0.5532407407407407,162,0.4979974417893662,0.6094374287632104
session_end_num_individual_framing,outcome_has_funded_teams,0.3632716049382716,162,0.08181190776719394,0.12031162906940286
session_delta_num_individual_framing,outcome_has_funded_teams,0.5243827160493827,162,0.7563014203416274,0.882351657065232
session_mean_num_frames_shared_problem,outcome_has_funded_teams,0.404320987654321,162,0.22330188028272824,0.29944696589637887
session_beginning_num_frames_shared_problem,outcome_has_funded_teams,0.2564814814814814,162,0.0019385757421663818,0.0033259877929325177
session_middle_num_frames_shared_problem,outcome_has_funded_teams,0.10462962962962963,162,4.847735877167025e-07,1.3465932992130626e-06
session_end_num_frames_shared_problem,outcome_has_funded_teams,0.16728395061728396,162,2.2877155171574515e-05,5.30265186096098e-05
session_delta_num_frames_shared_problem,outcome_has_funded_teams,0.30601851851851847,162,0.013549834540488526,0.022160944341920487
session_mean_num_checks_consensus,outcome_has_funded_teams,0.38981481481481484,162,0.16078734284332197,0.22783631576988944
session_beginning_num_checks_consensus,outcome_has_funded_teams,0.1089506172839506,162,6.449531062546754e-07,1.736412209147203e-06
session_middle_num_checks_consensus,outcome_has_funded_teams,0.3194444444444444,162,0.021556266760016207,0.03429406075457124
session_end_num_checks_consensus,outcome_has_funded_teams,0.25910493827160497,162,0.0021687543264448106,0.003702751289052116
session_delta_num_checks_consensus,outcome_has_funded_teams,0.2325617283950617,162,0.0006642292777165881,0.0012300542179936817
session_mean_num_shares_domain_knowledge,outcome_has_funded_teams,0.4714506172839506,162,0.7163252837211889,0.8470062476432976
session_beginning_num_shares_domain_knowledge,outcome_has_funded_teams,0.5066358024691358,162,0.9326907231109289,1.0
session_middle_num_shares_domain_knowledge,outcome_has_funded_teams,0.45401234567901233,162,0.5583276752076494,0.6761753851995754
session_end_num_shares_domain_knowledge,outcome_has_funded_teams,0.3970679012345678,162,0.1901580405851404,0.2641083897015839
session_delta_num_shares_domain_knowledge,outcome_has_funded_teams,0.5154320987654321,162,0.8442825779889434,0.9625371410297399
session_mean_num_synthesizes_contributions,outcome_has_funded_teams,0.5966049382716049,162,0.21885437637312033,0.29574915726097345
session_beginning_num_synthesizes_contributions,outcome_has_funded_teams,0.2905864197530864,162,0.007689685992597006,0.01281614332099501
session_middle_num_synthesizes_contributions,outcome_has_funded_teams,0.5151234567901235,162,0.8473582598388243,0.9597909092025518
session_end_num_synthesizes_contributions,outcome_has_funded_teams,0.44027777777777777,162,0.44717103070092046,0.553038377191951
session_delta_num_synthesizes_contributions,outcome_has_funded_teams,0.4041666666666667,162,0.2225561732198087,0.2995948485651271
session_mean_num_societal_significance,outcome_has_funded_teams,0.07962962962962963,162,8.774000437306029e-08,2.8434260676454723e-07
session_beginning_num_societal_significance,outcome_has_funded_teams,0.013734567901234567,162,6.04900796119523e-10,5.722034557887379e-09
session_middle_num_societal_significance,outcome_has_funded_teams,0.025617283950617284,162,1.561267337635286e-09,9.58672926618158e-09
session_end_num_societal_significance,outcome_has_funded_teams,0.04429012345679008,162,6.622015602530951e-09,2.897131826107291e-08
session_delta_num_societal_significance,outcome_has_funded_teams,0.057561728395061684,162,1.7883572622778843e-08,6.878297162607247e-08
session_mean_num_shares_personal_experience,outcome_has_funded_teams,0.5007716049382717,162,0.9921641595239805,1.0
session_beginning_num_shares_personal_experience,outcome_has_funded_teams,0.34891975308641976,162,0.05448788599186516,0.08255740301797752
session_middle_num_shares_personal_experience,outcome_has_funded_teams,0.5109567901234567,162,0.8890888979575762,0.9878765532861957
session_end_num_shares_personal_experience,outcome_has_funded_teams,0.11805555555555552,162,1.1658253489255088e-06,3.0679614445408128e-06
session_delta_num_shares_personal_experience,outcome_has_funded_teams,0.4046296296296296,162,0.22479865333655868,0.3003035445335708
session_mean_num_explicit_role_assignment,outcome_has_funded_teams,0.2910493827160494,162,0.007825506402149962,0.0129806978234715
session_beginning_num_explicit_role_assignment,outcome_has_funded_teams,0.17469135802469138,162,3.465450146822313e-05,7.58067219617381e-05
session_middle_num_explicit_role_assignment,outcome_has_funded_teams,0.09506172839506173,162,2.5495697686395147e-07,7.626918111314787e-07
session_end_num_explicit_role_assignment,outcome_has_funded_teams,0.06203703703703703,162,2.484437056082811e-08,9.350031931494451e-08
session_delta_num_explicit_role_assignment,outcome_has_funded_teams,0.1964506172839506,162,0.00011174968577387645,0.00022608317931131075
session_mean_num_uses_humor,outcome_has_funded_teams,0.31820987654320987,162,0.020678117901107962,0.033047220389898574
session_beginning_num_uses_humor,outcome_has_funded_teams,0.32885802469135805,162,0.02938506901979654,0.04591417034343209
session_middle_num_uses_humor,outcome_has_funded_teams,0.4131172839506173,162,0.2687973202270073,0.35235603775075863
session_end_num_uses_humor,outcome_has_funded_teams,0.3625,162,0.08010290866010705,0.1182954347301159
session_delta_num_uses_humor,outcome_has_funded_teams,0.011419753086419753,162,5.01574115574499e-10,5.485966889096083e-09
session_mean_num_scope_calibration,outcome_has_funded_teams,0.39151234567901233,162,0.1673335716383586,0.2361562502960706
session_beginning_num_scope_calibration,outcome_has_funded_teams,0.09598765432098766,162,2.7148540149291023e-07,8.052533095128693e-07
session_middle_num_scope_calibration,outcome_has_funded_teams,0.2962962962962963,162,0.009521891184098852,0.01572010336997452
session_end_num_scope_calibration,outcome_has_funded_teams,0.1220679012345679,162,1.5071124745968945e-06,3.9073286378438e-06
session_delta_num_scope_calibration,outcome_has_funded_teams,0.10092592592592596,162,3.786612214895513e-07,1.0774912806613248e-06
session_mean_num_raises_concern,outcome_has_funded_teams,0.5091049382716049,162,0.9077421426035335,0.9928429684726148
session_beginning_num_raises_concern,outcome_has_funded_teams,0.1291666666666667,162,2.3591681210799464e-06,5.983397408536096e-06
session_middle_num_raises_concern,outcome_has_funded_teams,0.49320987654320986,162,0.9311292401722873,1.0
session_end_num_raises_concern,outcome_has_funded_teams,0.1958333333333333,162,0.00010820777548836702,0.00022019024081935148
session_delta_num_raises_concern,outcome_has_funded_teams,0.25540123456790126,162,0.0018504922109501276,0.0031905038119829786
session_mean_num_critiques_or_challenges,outcome_has_funded_teams,0.5251543209876544,162,0.7488453481671196,0.8765748222692034
session_beginning_num_critiques_or_challenges,outcome_has_funded_teams,0.09814814814814812,162,3.1417498047581205e-07,9.240440602229766e-07
session_middle_num_critiques_or_challenges,outcome_has_funded_teams,0.5101851851851852,162,0.8968542272490376,0.9840093402418907
session_end_num_critiques_or_challenges,outcome_has_funded_teams,0.20308641975308636,162,0.00015740069245073762,0.0003094957435829111
session_delta_num_critiques_or_challenges,outcome_has_funded_teams,0.1733024691358025,162,3.207922136216901e-05,7.197261203050739e-05
session_mean_num_redirects_idea,outcome_has_funded_teams,0.2723765432098766,162,0.0037654131009807745,0.006336031660304188
session_beginning_num_redirects_idea,outcome_has_funded_teams,0.09999999999999998,162,3.5586299307333036e-07,1.0209184227513576e-06
session_middle_num_redirects_idea,outcome_has_funded_teams,0.4256172839506173,162,0.3437726011935811,0.4407341040943348
session_end_num_redirects_idea,outcome_has_funded_teams,0.0648148148148148,162,3.0419822660832097e-08,1.1090560345095035e-07
session_delta_num_redirects_idea,outcome_has_funded_teams,0.11280864197530865,162,8.301551890355086e-07,2.2179718791025036e-06
session_mean_num_None,outcome_has_funded_teams,0.4935185185185185,162,0.9342524651132826,1.0
session_beginning_num_None,outcome_has_funded_teams,0.0375,162,3.9406882201831195e-09,1.9425927845973125e-08
session_middle_num_None,outcome_has_funded_teams,0.5063271604938271,162,0.9358144601961065,1.0
session_end_num_None,outcome_has_funded_teams,0.20339506172839505,162,0.00015990208250782345,0.00031265770322758775
session_delta_num_None,outcome_has_funded_teams,0.24274691358024697,162,0.001059251281045448,0.0018915201447240143
session_mean_num_asks_clarifying_question,outcome_has_funded_teams,0.5242283950617284,162,0.7577953867419902,0.8811574264441747
session_beginning_num_asks_clarifying_question,outcome_has_funded_teams,0.4341049382716049,162,0.4016336314375937,0.5093180108810065
session_middle_num_asks_clarifying_question,outcome_has_funded_teams,0.3896604938271605,162,0.1602019628693121,0.22792962196853347
session_end_num_asks_clarifying_question,outcome_has_funded_teams,0.3938271604938271,162,0.17658026024540918,0.24721236434357285
session_delta_num_asks_clarifying_question,outcome_has_funded_teams,0.0,162,1.9661605676901672e-10,2.2938539956385284e-08
session_mean_num_shares_data_or_findings,outcome_has_funded_teams,0.4856481481481482,162,0.8550575432791503,0.9622834088350566
session_beginning_num_shares_data_or_findings,outcome_has_funded_teams,0.0412037037037037,162,5.235033295747371e-09,2.3795605889760776e-08
session_middle_num_shares_data_or_findings,outcome_has_funded_teams,0.49336419753086425,162,0.9326907231109289,1.0
session_end_num_shares_data_or_findings,outcome_has_funded_teams,0.0549382716049383,162,1.4727254527002742e-08,5.7272656493899554e-08
session_delta_num_shares_data_or_findings,outcome_has_funded_teams,0.09382716049382718,162,2.3442461571931972e-07,7.073156508772577e-07
session_mean_num_asks_factual_question,outcome_has_funded_teams,0.48796296296296293,162,0.8782354561737853,0.9789248715312894
session_beginning_num_asks_factual_question,outcome_has_funded_teams,0.2462962962962963,162,0.0012417135955609115,0.002183918384152357
session_middle_num_asks_factual_question,outcome_has_funded_teams,0.44753086419753085,162,0.504246537784881,0.6149348021766843
session_end_num_asks_factual_question,outcome_has_funded_teams,0.26929012345679015,162,0.003319844921190196,0.005613264359500331
session_delta_num_asks_factual_question,outcome_has_funded_teams,0.35493827160493824,162,0.06484366973953737,0.09698839490956443
session_mean_num_redirects_speaker,outcome_has_funded_teams,0.31234567901234567,162,0.01691963014184572,0.02754358395184187
session_beginning_num_redirects_speaker,outcome_has_funded_teams,0.15740740740740738,162,1.297704350999851e-05,3.0897722642853596e-05
session_middle_num_redirects_speaker,outcome_has_funded_teams,0.1757716049382716,162,3.6792000782437384e-05,7.998261039660301e-05
session_end_num_redirects_speaker,outcome_has_funded_teams,0.08148148148148149,162,9.99190270523087e-08,3.1505999520998243e-07
session_delta_num_redirects_speaker,outcome_has_funded_teams,0.2182098765432099,162,0.0003350141196585277,0.0006338104966512686
session_mean_num_vague_future_reference,outcome_has_funded_teams,0.2365740740740741,162,0.0007997980705107821,0.0014733122351514407
session_beginning_num_vague_future_reference,outcome_has_funded_teams,0.06944444444444445,162,4.2513944142896776e-08,1.4588118088248892e-07
session_middle_num_vague_future_reference,outcome_has_funded_teams,0.17330246913580244,162,3.207922136216901e-05,7.15141877500583e-05
session_end_num_vague_future_reference,outcome_has_funded_teams,0.08055555555555555,162,9.363801511952374e-08,3.0067252561314963e-07
session_delta_num_vague_future_reference,outcome_has_funded_teams,0.09814814814814815,162,3.1417498047581205e-07,9.163436930544518e-07
session_mean_num_setback_response_defends,outcome_has_funded_teams,0.21157407407407405,162,0.00024154406568643871,0.0004645078186277668
session_beginning_num_setback_response_defends,outcome_has_funded_teams,0.022222222222222254,162,1.1934717658590444e-09,8.190492510797363e-09
session_middle_num_setback_response_defends,outcome_has_funded_teams,0.18811728395061722,162,7.198767718041843e-05,0.0001527011334130088
session_end_num_setback_response_defends,outcome_has_funded_teams,0.0,162,1.9661605676901672e-10,1.7203904967288963e-08
session_delta_num_setback_response_defends,outcome_has_funded_teams,0.048765432098765465,162,9.286085900228613e-09,4.012506253185203e-08
session_mean_num_combines_ideas,outcome_has_funded_teams,0.32716049382716056,162,0.027814859084876797,0.04365560842917882
session_beginning_num_combines_ideas,outcome_has_funded_teams,0.06388888888888888,162,2.843844093547432e-08,1.0588781199378735e-07
session_middle_num_combines_ideas,outcome_has_funded_teams,0.25493827160493826,162,0.0018138801895435375,0.003142861714555634
session_end_num_combines_ideas,outcome_has_funded_teams,0.06805555555555556,162,3.84656357876878e-08,1.3329675768010626e-07
session_delta_num_combines_ideas,outcome_has_funded_teams,0.11836419753086422,162,1.1891870743685473e-06,3.1060856420073997e-06
session_mean_num_translates_terminology,outcome_has_funded_teams,0.16527777777777775,162,2.041359269577825e-05,4.763171629014925e-05
session_beginning_num_translates_terminology,outcome_has_funded_teams,0.05478395061728397,162,1.4559497385491227e-08,5.790709187411283e-08
session_middle_num_translates_terminology,outcome_has_funded_teams,0.20154320987654323,162,0.00014543663033972365,0.0002875865571689451
session_end_num_translates_terminology,outcome_has_funded_teams,0.0,162,1.9661605676901672e-10,1.376312397383117e-08
session_delta_num_translates_terminology,outcome_has_funded_teams,0.07006172839506168,162,4.4443058122567436e-08,1.510201004164913e-07
session_mean_num_attributes_to_other,outcome_has_funded_teams,0.4228395061728395,162,0.3260541560588086,0.41955498022273163
session_beginning_num_attributes_to_other,outcome_has_funded_teams,0.04012345679012346,162,4.8199255697767285e-09,2.24929859922914e-08
session_middle_num_attributes_to_other,outcome_has_funded_teams,0.3766975308641975,162,0.11655843937952759,0.16857625530096965
session_end_num_attributes_to_other,outcome_has_funded_teams,0.09182098765432099,162,2.0442220960426027e-07,6.221545509694878e-07
session_delta_num_attributes_to_other,outcome_has_funded_teams,0.0,162,1.9661605676901672e-10,1.1469269978192642e-08
session_mean_num_connects_methods,outcome_has_funded_teams,0.395679012345679,162,0.18424768961649995,0.25691908910667327
session_beginning_num_connects_methods,outcome_has_funded_teams,0.021296296296296327,162,1.1088094886702038e-09,8.085069188220237e-09
session_middle_num_connects_methods,outcome_has_funded_teams,0.4101851851851853,162,0.25297384238058296,0.33286031892181966
session_end_num_connects_methods,outcome_has_funded_teams,0.07237654320987649,162,5.246188794494344e-08,1.7655443058394428e-07
session_delta_num_connects_methods,outcome_has_funded_teams,0.07438271604938271,162,6.053161571983878e-08,2.017720523994626e-07
session_mean_num_asks_for_opinion,outcome_has_funded_teams,0.3983024691358024,162,0.19552789596741826,0.26628312680387706
session_beginning_num_asks_for_opinion,outcome_has_funded_teams,0.2368827160493827,162,0.000811224492200946,0.0014787946472413077
session_middle_num_asks_for_opinion,outcome_has_funded_teams,0.4847222222222222,162,0.8458201252290829,0.961159233214867
session_end_num_asks_for_opinion,outcome_has_funded_teams,0.15339506172839507,162,1.026282022742464e-05,2.494435471943489e-05
session_delta_num_asks_for_opinion,outcome_has_funded_teams,0.3135802469135802,162,0.017656874967869163,0.02847883059333736
session_mean_num_setback_response_accepts_builds,outcome_has_funded_teams,0.007253086419753061,162,3.572548923358454e-10,8.335947487836393e-09
session_beginning_num_setback_response_accepts_builds,outcome_has_funded_teams,0.0648148148148148,162,3.0419822660832097e-08,1.0976224671434262e-07
session_middle_num_setback_response_accepts_builds,outcome_has_funded_teams,0.2520061728395062,162,0.0015970439882238008,0.0027948269793916514
session_end_num_setback_response_accepts_builds,outcome_has_funded_teams,0.0648148148148148,162,3.0419822660832097e-08,1.0864222378868606e-07
session_delta_num_setback_response_accepts_builds,outcome_has_funded_teams,0.08796296296296297,162,1.5681272480527753e-07,4.900397650164923e-07
session_mean_num_asks_for_elaboration,outcome_has_funded_teams,0.5027777777777778,162,0.9717963966956722,1.0
session_beginning_num_asks_for_elaboration,outcome_has_funded_teams,0.11774691358024691,162,1.1429055339906569e-06,3.0304313401267415e-06
session_middle_num_asks_for_elaboration,outcome_has_funded_teams,0.5106481481481482,162,0.8921937954273231,0.9850720138787479
session_end_num_asks_for_elaboration,outcome_has_funded_teams,0.08858024691358024,162,1.6363380139772232e-07,5.068303583115294e-07
session_delta_num_asks_for_elaboration,outcome_has_funded_teams,0.17762345679012345,162,4.075037584705399e-05,8.804093547203022e-05
session_mean_num_expresses_appreciation,outcome_has_funded_teams,0.538888888888889,162,0.6206179464376889,0.7413524957446795
session_beginning_num_expresses_appreciation,outcome_has_funded_teams,0.2660493827160494,162,0.0029041514743028962,0.004934237941776765
session_middle_num_expresses_appreciation,outcome_has_funded_teams,0.4148148148148148,162,0.2782626569190758,0.3620517840954518
session_end_num_expresses_appreciation,outcome_has_funded_teams,0.4512345679012346,162,0.5348084675813223,0.6499408460189681
session_delta_num_expresses_appreciation,outcome_has_funded_teams,0.478395061728395,162,0.7833270169114552,0.904833187851516
session_mean_num_records_or_documents,outcome_has_funded_teams,0.4708333333333333,162,0.7104654407412916,0.8429250991845832
session_beginning_num_records_or_documents,outcome_has_funded_teams,0.23981481481481484,162,0.0009275852301835474,0.001673478508063101
session_middle_num_records_or_documents,outcome_has_funded_teams,0.16836419753086418,162,2.4318355234642652e-05,5.563022439297339e-05
session_end_num_records_or_documents,outcome_has_funded_teams,0.1574074074074074,162,1.297704350999851e-05,3.06889542466181e-05
session_delta_num_records_or_documents,outcome_has_funded_teams,0.3123456790123457,162,0.016919630141845943,0.027416067359472593
session_mean_num_summarizes_for_group,outcome_has_funded_teams,0.43657407407407406,162,0.4195050446851223,0.5262608087447771
session_beginning_num_summarizes_for_group,outcome_has_funded_teams,0.013425925925925924,162,5.900093746902257e-10,5.900093746902257e-09
session_middle_num_summarizes_for_group,outcome_has_funded_teams,0.3641975308641975,162,0.08390162275588775,0.12286848520736698
session_end_num_summarizes_for_group,outcome_has_funded_teams,0.19135802469135804,162,8.55232029499664e-05,0.00017711905936383576
session_delta_num_summarizes_for_group,outcome_has_funded_teams,0.21666666666666667,162,0.00031066034263926845,0.000590929999585565
session_mean_num_manages_tension,outcome_has_funded_teams,0.31975308641975314,162,0.02178081228512685,0.034494499094092294
session_beginning_num_manages_tension,outcome_has_funded_teams,0.09074074074074073,162,1.8984069805050297e-07,5.82844248400667e-07
session_middle_num_manages_tension,outcome_has_funded_teams,0.18950617283950616,162,7.751978014680638e-05,0.00016344531958663997
session_end_num_manages_tension,outcome_has_funded_teams,0.17021604938271606,162,2.6992004646730905e-05,6.13454651062066e-05
session_delta_num_manages_tension,outcome_has_funded_teams,0.20725308641975304,162,0.00019449620285905134,0.0003760976298379446
session_mean_num_specific_future_plan,outcome_has_funded_teams,0.2162037037037037,162,0.0003036838805030584,0.0005808161648965598
session_beginning_num_specific_future_plan,outcome_has_funded_teams,0.043827160493827115,162,6.393243268121296e-09,2.8324495491676628e-08
session_middle_num_specific_future_plan,outcome_has_funded_teams,0.024691358024691357,162,1.4512360202445507e-09,9.23513831064714e-09
session_end_num_specific_future_plan,outcome_has_funded_teams,0.10787037037037035,162,6.006893964460858e-07,1.6297774322180622e-06
session_delta_num_specific_future_plan,outcome_has_funded_teams,0.1467592592592592,162,6.923702588812475e-06,1.7065464127354693e-05
session_mean_num_identifies_common_ground,outcome_has_funded_teams,0.4600308641975308,162,0.6109456655666952,0.7322978868093949
session_beginning_num_identifies_common_ground,outcome_has_funded_teams,0.12746913580246916,162,2.1209578529024498e-06,5.458347415557775e-06
session_middle_num_identifies_common_ground,outcome_has_funded_teams,0.3929012345679012,162,0.17283689912399325,0.24294343250360498
session_end_num_identifies_common_ground,outcome_has_funded_teams,0.10555555555555561,162,5.154838247367621e-07,1.4206247138414705e-06
session_delta_num_identifies_common_ground,outcome_has_funded_teams,0.19120370370370365,162,8.48275218998662e-05,0.00017672400395805457
session_mean_num_funding_priority_alignment,outcome_has_funded_teams,0.41898148148148145,162,0.30244826471650343,0.3906158400397646
session_beginning_num_funding_priority_alignment,outcome_has_funded_teams,0.009876543209876508,162,4.4248404940105956e-10,9.109965722962991e-09
session_middle_num_funding_priority_alignment,outcome_has_funded_teams,0.33888888888888885,162,0.04030497436254077,0.06214423359863114
session_end_num_funding_priority_alignment,outcome_has_funded_teams,0.15617283950617283,162,1.2076327637888795e-05,2.9149756367317782e-05
session_delta_num_funding_priority_alignment,outcome_has_funded_teams,0.17870370370370373,162,4.324266806077226e-05,9.285235473171958e-05
session_mean_num_resolves_contradiction,outcome_has_funded_teams,0.2367283950617284,162,0.0008054924798523988,0.0014760333400436628
session_beginning_num_resolves_contradiction,outcome_has_funded_teams,0.021913580246913613,162,1.1645737707510762e-09,8.152016395257533e-09
session_middle_num_resolves_contradiction,outcome_has_funded_teams,0.20046296296296293,162,0.00013757710332162887,0.0002735908304691483
session_end_num_resolves_contradiction,outcome_has_funded_teams,0.01080246913580243,162,4.770674966181332e-10,9.276312434241479e-09
session_delta_num_resolves_contradiction,outcome_has_funded_teams,0.0,162,1.9661605676901672e-10,9.830802838450836e-09
session_mean_num_shares_method_or_approach,outcome_has_funded_teams,0.47993827160493835,162,0.7984573297284603,0.9192765309373719
session_beginning_num_shares_method_or_approach,outcome_has_funded_teams,0.18750000000000006,162,6.965075439269164e-05,0.0001486449026673297
session_middle_num_shares_method_or_approach,outcome_has_funded_teams,0.48179012345679023,162,0.8167136381234625,0.9372123716170881
session_end_num_shares_method_or_approach,outcome_has_funded_teams,0.2216049382716049,162,0.0003950170922846219,0.000739336803741271
session_delta_num_shares_method_or_approach,outcome_has_funded_teams,0.19351851851851856,162,9.584665921757995e-05,0.00019617737266756132
session_mean_num_proposes_next_step,outcome_has_funded_teams,0.35756172839506173,162,0.06984057932262111,0.10357713035134487
session_beginning_num_proposes_next_step,outcome_has_funded_teams,0.16790123456790118,162,2.369042687022649e-05,5.455032503012678e-05
session_middle_num_proposes_next_step,outcome_has_funded_teams,0.34398148148148144,162,0.047056475107934315,0.0719203768025197
session_end_num_proposes_next_step,outcome_has_funded_teams,0.22067901234567908,162,0.0003777265003743757,0.0007107756727474812
session_delta_num_proposes_next_step,outcome_has_funded_teams,0.25216049382716055,162,0.0016078334129341343,0.002799709923019637
session_mean_num_encourages_participation,outcome_has_funded_teams,0.38163580246913575,162,0.13193109972514128,0.19002421771110883
session_beginning_num_encourages_participation,outcome_has_funded_teams,0.2067901234567901,162,0.00019000136765368048,0.0003694471037710454
session_middle_num_encourages_participation,outcome_has_funded_teams,0.3302469135802469,162,0.030725938030366384,0.04779590360279215
session_end_num_encourages_participation,outcome_has_funded_teams,0.1026234567901235,162,4.241705449103961e-07,1.1972555703116018e-06
session_delta_num_encourages_participation,outcome_has_funded_teams,0.23750000000000004,162,0.0008345331107015852,0.0015134020142256726
session_mean_num_compares_options,outcome_has_funded_teams,0.3975308641975309,162,0.1921588641105889,0.2658324207063483
session_beginning_num_compares_options,outcome_has_funded_teams,0.0,162,1.9661605676901672e-10,8.601952483644482e-09
session_middle_num_compares_options,outcome_has_funded_teams,0.36929012345679013,162,0.09617937012596567,0.13967958317048956
session_end_num_compares_options,outcome_has_funded_teams,0.06651234567901233,162,3.440574558588594e-08,1.2163647429353613e-07
session_delta_num_compares_options,outcome_has_funded_teams,0.057716049382716,162,1.8088407882643764e-08,6.881459520570997e-08
session_mean_num_setback_response_explores,outcome_has_funded_teams,0.28904320987654325,162,0.007252078284223584,0.01214462870563758
session_beginning_num_setback_response_explores,outcome_has_funded_teams,0.022222222222222254,162,1.1934717658590444e-09,8.032983039435875e-09
session_middle_num_setback_response_explores,outcome_has_funded_teams,0.054629629629629625,162,1.4393596980966095e-08,5.7905275210783136e-08
session_end_num_setback_response_explores,outcome_has_funded_teams,0.0,162,1.9661605676901672e-10,7.646179985461762e-09
session_delta_num_setback_response_explores,outcome_has_funded_teams,0.03564814814814818,162,3.416217086993356e-09,1.7328637397792387e-08
session_mean_num_reframes_cross_disciplinarily,outcome_has_funded_teams,0.48580246913580244,162,0.8565990819233984,0.9609284572858636
session_beginning_num_reframes_cross_disciplinarily,outcome_has_funded_teams,0.07870370370370369,162,8.220240910183918e-08,2.6888638491255807e-07
session_middle_num_reframes_cross_disciplinarily,outcome_has_funded_teams,0.3978395061728395,162,0.19350131894620315,0.2655900456124357
session_end_num_reframes_cross_disciplinarily,outcome_has_funded_teams,0.0808641975308642,162,9.568797643133564e-08,3.044617431906134e-07
session_delta_num_reframes_cross_disciplinarily,outcome_has_funded_teams,0.12762345679012346,162,2.141620707885039e-06,5.471293779268348e-06
session_mean_num_setback_response_redirects,outcome_has_funded_teams,0.06435185185185184,162,2.9412948521212456e-08,1.0836349455183537e-07
session_beginning_num_setback_response_redirects,outcome_has_funded_teams,0.5,162,1.0,1.0
session_middle_num_setback_response_redirects,outcome_has_funded_teams,0.0,162,1.9661605676901672e-10,6.881561986915585e-09
session_end_num_setback_response_redirects,outcome_has_funded_teams,0.5,162,1.0,1.0
session_delta_num_setback_response_redirects,outcome_has_funded_teams,0.5,162,1.0,1.0
session_mean_num_implicit_role_suggestion,outcome_has_funded_teams,0.19814814814814813,162,0.00012206227441424744,0.0002455275634769345
session_beginning_num_implicit_role_suggestion,outcome_has_funded_teams,0.027777777777777776,162,1.8505741383734176e-09,1.044678949081768e-08
session_middle_num_implicit_role_suggestion,outcome_has_funded_teams,0.1743827160493827,162,3.4065789483950226e-05,7.498758691435584e-05
session_end_num_implicit_role_suggestion,outcome_has_funded_teams,0.011111111111111072,162,4.891709259879917e-10,8.560491204789855e-09
session_delta_num_implicit_role_suggestion,outcome_has_funded_teams,0.03858024691358021,162,4.281989429699706e-09,2.0530086306779415e-08
session_mean_num_expresses_enthusiasm,outcome_has_funded_teams,0.4095679012345679,162,0.2497270087841552,0.3298281248092616
session_beginning_num_expresses_enthusiasm,outcome_has_funded_teams,0.1506172839506173,162,8.711188997923003e-06,2.13210919529584e-05
session_middle_num_expresses_enthusiasm,outcome_has_funded_teams,0.4141975308641975,162,0.2747948014373409,0.35887380784727363
session_end_num_expresses_enthusiasm,outcome_has_funded_teams,0.19058641975308643,162,8.209791313018577e-05,0.00017206149458422169
session_delta_num_expresses_enthusiasm,outcome_has_funded_teams,0.1929012345679013,162,9.278291422587515e-05,0.0001910236469356253
session_mean_num_challenges_attribution,outcome_has_funded_teams,0.05432098765432098,162,1.4067287112951021e-08,5.792412340626891e-08
session_beginning_num_challenges_attribution,outcome_has_funded_teams,0.013888888888888888,162,6.124833973331079e-10,5.49664587350225e-09
session_middle_num_challenges_attribution,outcome_has_funded_teams,0.013580246913580245,162,5.974096772831672e-10,5.808149640253014e-09
session_end_num_challenges_attribution,outcome_has_funded_teams,0.5,162,1.0,1.0
session_delta_num_challenges_attribution,outcome_has_funded_teams,0.013888888888888888,162,6.124833973331079e-10,5.359229726664694e-09
session_mean_num_calls_for_decision,outcome_has_funded_teams,0.19938271604938274,162,0.00013011894676662195,0.0002602378935332439
session_beginning_num_calls_for_decision,outcome_has_funded_teams,0.0,162,1.9661605676901672e-10,6.255965442650532e-09
session_middle_num_calls_for_decision,outcome_has_funded_teams,0.009104938271604905,162,4.1554448770853014e-10,9.090035668624097e-09
session_end_num_calls_for_decision,outcome_has_funded_teams,0.05246913580246916,162,1.2255172432418249e-08,5.23086628212974e-08
session_delta_num_calls_for_decision,outcome_has_funded_teams,0.07808641975308644,162,7.870033980061919e-08,2.5985961254921433e-07
session_mean_num_novelty_recognized_other,outcome_has_funded_teams,0.06790123456790123,162,3.803960946235918e-08,1.3313863311825713e-07
session_beginning_num_novelty_recognized_other,outcome_has_funded_teams,0.5,162,1.0,1.0
session_middle_num_novelty_recognized_other,outcome_has_funded_teams,0.054783950617283944,162,1.4559497385491227e-08,5.725645039238123e-08
session_end_num_novelty_recognized_other,outcome_has_funded_teams,0.013888888888888888,162,6.124833973331079e-10,5.22851680650214e-09
session_delta_num_novelty_recognized_other,outcome_has_funded_teams,0.013888888888888888,162,6.124833973331079e-10,5.104028311109232e-09
session_mean_num_method_complementarity,outcome_has_funded_teams,0.1037037037037037,162,4.558316641922744e-07,1.2763286597383682e-06
session_beginning_num_method_complementarity,outcome_has_funded_teams,0.041666666666666664,162,5.423400839532633e-09,2.433577299790284e-08
session_middle_num_method_complementarity,outcome_has_funded_teams,0.0527777777777778,162,1.2540578131492452e-08,5.288195597617299e-08
session_end_num_method_complementarity,outcome_has_funded_teams,0.013888888888888888,162,6.124833973331079e-10,4.985329978292738e-09
session_delta_num_method_complementarity,outcome_has_funded_teams,0.027777777777777776,162,1.8505741383734176e-09,1.0280967435407875e-08
session_mean_num_field_significance,outcome_has_funded_teams,0.1705246913580247,162,2.7463940752481264e-05,6.201535008624802e-05
session_beginning_num_field_significance,outcome_has_funded_teams,0.013888888888888888,162,6.124833973331079e-10,4.8720270242406305e-09
session_middle_num_field_significance,outcome_has_funded_teams,0.17407407407407408,162,3.348658462520859e-05,7.417914315710764e-05
session_end_num_field_significance,outcome_has_funded_teams,0.022222222222222254,162,1.1934717658590444e-09,7.88141732171067e-09
session_delta_num_field_significance,outcome_has_funded_teams,0.0358024691358025,162,3.4571907558955672e-09,1.7285953779477836e-08
session_mean_num_devil_advocate,outcome_has_funded_teams,0.12916666666666665,162,2.3591681210799464e-06,5.940351384014254e-06
session_beginning_num_devil_advocate,outcome_has_funded_teams,0.011111111111111072,162,4.891709259879917e-10,8.152848766466528e-09
session_middle_num_devil_advocate,outcome_has_funded_teams,0.10694444444444448,162,5.650927799027983e-07,1.545175570046714e-06
session_end_num_devil_advocate,outcome_has_funded_teams,0.033333333333333326,162,2.8554942854697174e-09,1.4916761192752254e-08
session_delta_num_devil_advocate,outcome_has_funded_teams,0.022222222222222254,162,1.1934717658590444e-09,7.735465149086399e-09
session_mean_num_gatekeeps,outcome_has_funded_teams,0.02160493827160497,162,1.1363581187140426e-09,8.116843705100304e-09
session_beginning_num_gatekeeps,outcome_has_funded_teams,0.011111111111111072,162,4.891709259879917e-10,7.782264731627141e-09
session_middle_num_gatekeeps,outcome_has_funded_teams,0.033333333333333326,162,2.8554942854697174e-09,1.4697397057564721e-08
session_end_num_gatekeeps,outcome_has_funded_teams,0.027777777777777776,162,1.8505741383734176e-09,1.0120327319229627e-08
session_delta_num_gatekeeps,outcome_has_funded_teams,0.03858024691358021,162,4.281989429699706e-09,2.0252652708039153e-08
session_mean_num_claims_own_idea,outcome_has_funded_teams,0.05324074074074077,162,1.2980831964881645e-08,5.408679985367352e-08
session_beginning_num_claims_own_idea,outcome_has_funded_teams,0.013888888888888888,162,6.124833973331079e-10,4.763759757035284e-09
session_middle_num_claims_own_idea,outcome_has_funded_teams,0.0,162,1.9661605676901672e-10,5.734634989096321e-09
session_end_num_claims_own_idea,outcome_has_funded_teams,0.0,162,1.9661605676901672e-10,5.293509220704296e-09
session_delta_num_claims_own_idea,outcome_has_funded_teams,0.01080246913580243,162,4.770674966181332e-10,8.788085464018244e-09
session_mean_num_defends,outcome_has_funded_teams,0.013888888888888888,162,6.124833973331079e-10,4.660199762317125e-09
session_beginning_num_defends,outcome_has_funded_teams,0.5,162,1.0,1.0
session_middle_num_defends,outcome_has_funded_teams,0.013888888888888888,162,6.124833973331079e-10,4.561046575884846e-09
session_end_num_defends,outcome_has_funded_teams,0.5,162,1.0,1.0
session_delta_num_defends,outcome_has_funded_teams,0.5,162,1.0,1.0
session_mean_num_novelty_recognized_self,outcome_has_funded_teams,0.027160493827160494,162,1.762970880392345e-09,1.0638617381677943e-08
session_beginning_num_novelty_recognized_self,outcome_has_funded_teams,0.5,162,1.0,1.0
session_middle_num_novelty_recognized_self,outcome_has_funded_teams,0.0,162,1.9661605676901672e-10,4.915401419225418e-09
session_end_num_novelty_recognized_self,outcome_has_funded_teams,0.027777777777777776,162,1.8505741383734176e-09,9.964629975856864e-09
session_delta_num_novelty_recognized_self,outcome_has_funded_teams,0.027777777777777776,162,1.8505741383734176e-09,9.813650733798427e-09
session_mean_num_named_next_step,outcome_has_funded_teams,0.05432098765432099,162,1.4067287112951021e-08,5.7250587087591364e-08
session_beginning_num_named_next_step,outcome_has_funded_teams,0.5,162,1.0,1.0
session_middle_num_named_next_step,outcome_has_funded_teams,0.013734567901234567,162,6.04900796119523e-10,5.571454701100869e-09
session_end_num_named_next_step,outcome_has_funded_teams,0.027469135802469135,162,1.806255145453406e-09,1.0715072896757492e-08
session_delta_num_named_next_step,outcome_has_funded_teams,0.027469135802469135,162,1.806255145453406e-09,1.0536488348478201e-08
session_mean_num_explores_possibility,outcome_has_funded_teams,0.011111111111111072,162,4.891709259879917e-10,7.443905395469439e-09
session_beginning_num_explores_possibility,outcome_has_funded_teams,0.5,162,1.0,1.0
session_middle_num_explores_possibility,outcome_has_funded_teams,0.011111111111111072,162,4.891709259879917e-10,7.133742670658212e-09
session_end_num_explores_possibility,outcome_has_funded_teams,0.5,162,1.0,1.0
session_delta_num_explores_possibility,outcome_has_funded_teams,0.5,162,1.0,1.0
session_mean_num_resource_complementarity,outcome_has_funded_teams,0.011111111111111072,162,4.891709259879917e-10,6.848392963831884e-09
session_beginning_num_resource_complementarity,outcome_has_funded_teams,0.011111111111111072,162,4.891709259879917e-10,6.5849932344537345e-09
session_middle_num_resource_complementarity,outcome_has_funded_teams,0.5,162,1.0,1.0
session_end_num_resource_complementarity,outcome_has_funded_teams,0.5,162,1.0,1.0
session_delta_num_resource_complementarity,outcome_has_funded_teams,0.011111111111111072,162,4.891709259879917e-10,6.341104596140633e-09
session_mean_num_shares_factual_knowledge,outcome_has_funded_teams,0.011111111111111072,162,4.891709259879917e-10,6.1146365748498965e-09
session_beginning_num_shares_factual_knowledge,outcome_has_funded_teams,0.5,162,1.0,1.0
session_middle_num_shares_factual_knowledge,outcome_has_funded_teams,0.011111111111111072,162,4.891709259879917e-10,5.903787037786107e-09
session_end_num_shares_factual_knowledge,outcome_has_funded_teams,0.5,162,1.0,1.0
session_delta_num_shares_factual_knowledge,outcome_has_funded_teams,0.5,162,1.0,1.0
session_mean_num_evaluates,outcome_has_funded_teams,0.011111111111111072,162,4.891709259879917e-10,5.70699413652657e-09
session_beginning_num_evaluates,outcome_has_funded_teams,0.5,162,1.0,1.0
session_middle_num_evaluates,outcome_has_funded_teams,0.011111111111111072,162,4.891709259879917e-10,5.522897551477326e-09
session_end_num_evaluates,outcome_has_funded_teams,0.5,162,1.0,1.0
session_delta_num_evaluates,outcome_has_funded_teams,0.5,162,1.0,1.0
