feature,n_non_missing,mean,std,min,max,skew,iqr_lower_bound,iqr_upper_bound,suggested_transform
session_mean_explore_vs_defend_ratio,162,104837.06720756422,122470.86304566485,0.0,500000.0,0.9996801541005363,-214285.82142851787,357143.03571419645,none
session_mean_funding_awareness,162,0.2325433568489124,0.1986982254352193,0.0,1.0,0.9988349563903295,-0.21354166666666669,0.6614583333333333,none
session_middle_num_Participation_Dynamics,157,1.442647356182388,1.1189493307723704,0.0,5.25,0.9843681889764436,-1.5714285714285714,4.142857142857142,none
session_middle_pct_hesitation,157,0.06239382922844824,0.06277857910759568,0.0,0.2490132416603005,0.9826440836368141,-0.1367578255078255,0.22792970917970917,none
session_middle_is_convergent,157,0.1863006773834799,0.1806310840989206,0.0,0.8333333333333334,0.9808897139739177,-0.42857142857142855,0.7142857142857142,none
session_beginning_laughter_shared_humor,160,0.28552083333333333,0.4456644231255534,0.0,1.0,0.9695622627976903,-1.5,2.5,none
session_mean_pronoun_shift_occurred,162,0.16233454474195216,0.09870444692433186,0.0,0.5,0.9687450070898708,-0.020833333333333315,0.3680555555555555,none
session_mean_pct_high_enthusiasm,162,0.17367489223294744,0.10652617130930625,0.0,0.6068376068376068,0.9677385182688713,-0.12161635197381596,0.45335568967361634,none
session_mean_pct_hesitation,162,0.060539447321545176,0.05872207660059205,0.0,0.2551604324290349,0.9251513018810875,-0.14126905042576,0.23544841737626665,none
session_end_num_Information_Seeking,161,1.4337474120082816,1.5600524723085785,0.0,6.0,0.9172849415297445,-3.0,5.0,none
session_middle_personal_disclosure,157,0.3186735416034779,0.23480676254516542,0.0,1.0,0.9125747897110041,-0.22619047619047614,0.8214285714285714,none
session_middle_funding_awareness,157,0.23352037205540394,0.22296021383635317,0.0,1.0,0.8957694672880847,-0.6000000000000001,1.0,none
session_delta_laughter_appreciative,159,0.0440251572327044,0.3393200936363576,-1.0,1.0,0.8750712033532225,0.0,0.0,none
session_mean_personal_disclosure,162,0.29488792243421874,0.20197890321247378,0.0,1.0,0.8719661723146348,-0.20535714285714285,0.7232142857142857,none
session_end_is_convergent,161,0.30848861283643897,0.4572757419870421,0.0,1.0,0.8399519359858432,-1.5,2.5,none
convergence_ratio_end,161,0.30848861283643897,0.4572757419870421,0.0,1.0,0.8399519359858432,-1.5,2.5,none
session_end_total_quality_score,161,6.473395445134575,6.076985094875603,0.0,29.0,0.8354841306867401,-14.0,26.0,none
session_delta_num_joint_framing,159,1.2163522012578616,5.775960009860415,-15.0,23.0,0.8291982542667204,-7.0,9.0,none
session_mean_num_setback_explores,162,0.11256090445905262,0.12571691560736514,0.0,0.5,0.8261496920996855,-0.3333333333333333,0.5555555555555556,none
session_delta_is_convergent,159,0.31236897274633124,0.4588334970843866,0.0,1.0,0.8202847518679564,-1.5,2.5,none
session_delta_commitment_signal,159,0.03039832285115304,0.30689185567582444,-1.0,1.0,0.8058435219040547,0.0,0.0,none
session_middle_num_Information_Seeking,157,2.9514331210191083,1.3044942670015525,0.0,7.0,0.7650765946199496,-0.40000000000000036,6.0,none
session_delta_pct_high_quality_Knowledge_Sharing,106,0.14996709091048713,0.32803714315986426,-0.8333333333333334,1.0,0.7632985357032936,-0.5,0.8333333333333333,none
session_mean_screenshare_active,162,0.3251358380988011,0.2525431728851705,0.0,1.0,0.7548692430060748,-0.4375,1.0625,none
session_mean_explicit_complementarity,162,0.31064614397947726,0.2880725747928509,0.0,1.0,0.7406757017902336,-0.5000000000000001,1.1,none
session_mean_num_Coordination_Decision,162,2.6823854728947323,1.1979240759582985,0.0,7.25,0.7298374720507145,-0.20634920634920606,5.3809523809523805,none
session_beginning_num_Participation_Dynamics,160,4.987291666666667,4.883370535093448,0.0,23.0,0.7016175575190915,-13.5,22.5,none
session_end_pct_high_quality_Integration_Practices,81,0.34216637272192824,0.41864423835318504,0.0,1.0,0.6876896307741006,-1.125,1.875,none
session_mean_is_convergent,162,0.176144268968343,0.15042131374790912,0.0,0.625,0.6722110418267768,-0.375,0.625,none
session_delta_num_Future_Oriented_Language,159,0.06362683438155137,0.5131048293613069,-2.0,2.0,0.6663488794278711,0.0,0.0,none
session_delta_num_future_oriented,159,0.06362683438155137,0.5131048293613069,-2.0,2.0,0.6663488794278711,0.0,0.0,none
any_commitment_signal,162,0.345679012345679,0.4770638413769472,0.0,1.0,0.6550485970557581,-1.5,2.5,none
session_delta_num_individual_framing,159,-5.467400419287212,4.737974764929433,-16.0,9.0,0.6460433207493829,-19.5,8.5,none
session_delta_num_Relational_Climate,159,1.2437106918238994,3.7041371172734516,-12.0,14.0,0.6353637276285033,-7.0,9.0,none
session_middle_num_individual_framing,157,4.257885956930543,2.243031498672096,0.8,10.0,0.6305960754091436,-1.5833333333333335,9.75,none
session_end_mean_idea_quality_Integration_Practices,81,1.3349647266313933,0.4270486523352172,0.6666666666666666,2.0,0.6280482668347427,-0.125,2.875,none
session_delta_num_Pronoun_Framing,159,-3.5039832285115304,8.164129559214047,-26.0,24.0,0.6238769043799954,-24.0,16.0,none
session_middle_responsiveness_index,157,0.049555595288725385,0.4096076703596341,-0.8604649237120855,1.7375009532168384,0.6125279816633431,-0.9701122710028388,1.0366270286030967,none
session_middle_pronoun_shift_occurred,157,0.16011020119300373,0.11995569743530672,0.0,0.5,0.5893289817923332,-0.09166666666666669,0.375,none
session_middle_building_blocking_ratio,157,3803172.9061679193,3036276.275528998,4.049601696122118,13200004.89999595,0.5891449340050721,-5416638.625028605,12583317.708349897,none
session_delta_total_quality_score,159,-4.3169811320754725,7.685180469294999,-19.0,23.0,0.5739710760118346,-25.75,16.25,none
session_end_ambition_level_ordinal,161,1.0684265010351968,1.3137277359415818,0.0,3.0,0.5666313227558336,-4.5,7.5,none
session_delta_problem_specificity_level,53,0.7657232704402516,1.138048332637133,-1.0,3.0,0.5646045650848285,-3.0,5.0,none
problem_specificity_delta,53,0.7657232704402516,1.138048332637133,-1.0,3.0,0.5646045650848285,-3.0,5.0,none
session_middle_artifact_interaction,157,0.22606409867556365,0.16157800911585896,0.0,0.8,0.5634526149825276,-0.08333333333333334,0.5833333333333333,none
session_end_building_count,161,6.978778467908902,6.087957143335442,0.0,25.0,0.5606276525460199,-14.0,26.0,none
session_middle_prior_relationship,157,0.23369224547568496,0.18692571446493408,0.0,0.8,0.5598390861773562,-0.1875,0.6458333333333333,none
session_middle_num_Idea_Management,157,4.3512637751491265,2.1134301173962875,0.0,10.5,0.5586706238786712,-1.9583333333333335,10.375,none
session_middle_explicit_complementarity,157,0.35807552320291175,0.3346502788160275,0.0,1.0,0.5526436355295041,-1.0,1.6666666666666665,none
session_mean_num_Participation_Dynamics,162,1.8213973954714693,1.2852884463504148,0.0,6.285714285714286,0.5500613270103982,-2.5235389610389607,5.8725649350649345,none
session_middle_decision_crystallization_level,157,1.7958851481144473,0.5510561560751175,1.0,3.5,0.5195646943158057,0.08333333333333326,3.4166666666666665,none
session_delta_pct_high_enthusiasm,149,0.06634485069990798,0.19885625086293382,-0.5384615384615384,0.8696969696969697,0.5155366105917131,-0.2716299669390556,0.44123884972865074,none
session_mean_skill_gap_identified,162,0.30943217447847077,0.20924917362872367,0.0,1.0,0.5100651494623898,-0.3303571428571428,0.8839285714285714,none
session_mean_building_blocking_ratio,162,4323972.837489489,2603663.19189903,0.0,11250004.999995,0.499401461094055,-3513385.822548234,11879468.73994958,none
session_end_cross_disciplinary_bridging,161,0.3832298136645963,0.47520279623549616,0.0,1.0,0.49274669433421797,-1.5,2.5,none
session_mean_num_Information_Seeking,162,2.508761334687261,1.1010767382312319,0.0,6.0,0.48246976017819265,-0.5937500000000004,5.55625,none
session_middle_num_Knowledge_Sharing,157,5.390946314831666,1.9477106603716317,0.0,11.5,0.46764059421051074,0.31249999999999956,10.479166666666668,none
session_end_mean_idea_quality_Idea_Management,81,1.3848311153866708,0.36880521883464173,1.0,2.0,0.43651659342952126,0.0,2.666666666666667,none
session_end_pct_high_quality_Idea_Management,81,0.3848311153866709,0.36880521883464173,0.0,1.0,0.43651659342952037,-1.0,1.6666666666666665,none
session_end_artifact_interaction,161,0.3944099378881988,0.48544418412482926,0.0,1.0,0.43611550936300636,-1.5,2.5,none
session_mean_prior_relationship,162,0.25518790194716123,0.1783708377298594,0.0,0.75,0.43011703097045917,-0.25,0.75,none
session_mean_num_individual_framing,162,4.256991987779025,1.90910953308459,0.0,9.285714285714286,0.42913352559462054,-1.5803571428571432,9.633928571428573,none
session_mean_decision_crystallization_level,162,1.7538843015694865,0.5009284101771515,1.0,3.1666666666666665,0.42704397942958044,0.2552083333333335,3.241319444444444,none
session_delta_building_blocking_ratio,159,-5357441.744977861,7346762.8934846325,-24000000.0,15999991.50000425,0.40937194217050304,-27499990.000010002,16499994.000006001,none
session_end_laughter_shared_humor,161,0.40507246376811595,0.48255340622056797,0.0,1.0,0.39425204901130045,-1.5,2.5,none
session_mean_num_Idea_Management,162,3.452192560525894,1.679047078521398,0.0,9.125,0.39409686603303173,-0.8125,7.6875,none
session_middle_skill_gap_identified,157,0.38088160954402994,0.25362264280515967,0.0,1.0,0.38236825739037283,-0.33333333333333337,1.0,none
session_beginning_cross_disciplinary_bridging,160,0.4063541666666667,0.47882073238645667,0.0,1.0,0.3821575029510489,-1.5,2.5,none
session_middle_building_count,157,13.377464361540794,4.012664386350076,1.0,28.0,0.376470831043159,2.875,23.875,none
session_delta_mean_idea_quality_Idea_Management,38,-0.08294147373094743,0.5177938561245972,-1.0,1.0,0.36618896638269555,-1.1964285714285714,0.9107142857142856,none
session_delta_num_Idea_Management,159,0.3551362683438155,3.0829820473201304,-11.0,15.0,0.3578689605104978,-3.2083333333333335,5.125,none
session_end_is_procedural,161,0.4202898550724638,0.4832065050990604,0.0,1.0,0.32987049188215656,-1.5,2.5,none
session_mean_pct_high_quality_Knowledge_Sharing,160,0.25627383749164645,0.11162547083631087,0.0,0.5380952380952381,0.3296954260676753,-0.05157621602934109,0.5572596625982043,none
session_beginning_is_divergent,160,0.41833333333333333,0.4825182891570735,0.0,1.0,0.328493125230853,-1.5,2.5,none
divergent_ratio_beg,160,0.41833333333333333,0.4825182891570735,0.0,1.0,0.328493125230853,-1.5,2.5,none
session_beginning_problem_specificity_level,89,1.8735955056179776,0.6435519774317678,1.0,4.0,0.32600254604996576,-0.5,3.5,none
session_middle_pct_high_quality_Knowledge_Sharing,156,0.30743319564492266,0.13667332921051148,0.0,0.6833333333333333,0.3229400168930635,-0.10706490929705212,0.7029124149659863,none
session_end_decision_crystallization_level,161,2.2988612836438924,0.98015043527838,1.0,4.0,0.3149495738028205,-0.75,5.25,none
session_delta_mean_nod_rate,139,-0.09879695086738573,0.7645868849142241,-2.4615384615384617,3.0,0.3139352460534615,-1.5179729736024574,1.3482701543192936,none
session_beginning_num_Pronoun_Framing,160,10.513645833333333,4.330898716120097,0.0,26.0,0.3047171632985321,0.5,20.5,none
session_delta_num_Knowledge_Sharing,159,-6.370545073375262,4.359520110530848,-19.0,8.0,0.30026011292207283,-18.0,6.0,none
session_end_problem_specificity_level,97,2.5807560137457046,0.7964451553324076,1.0,4.0,0.29876675797527746,0.5,4.5,none
problem_specificity_final,97,2.5807560137457046,0.7964451553324076,1.0,4.0,0.29876675797527746,0.5,4.5,none
session_delta_mean_idea_quality_Knowledge_Sharing,106,0.14950341412605564,0.47954205168282216,-1.0,1.5,0.2951633502203992,-0.5863636363636363,0.9772727272727272,none
session_delta_mean_quality_score,119,0.17644609403342779,0.43356599892038417,-1.0,1.5,0.28732820224370803,-0.9214743589743589,1.3221153846153846,none
decision_crystallization_final,161,2.2857142857142856,0.9964221709983889,1.0,4.0,0.28199167896826854,0.5,4.5,none
session_end_dominant_speaker_flag,158,0.4320675105485232,0.48638775819577185,0.0,1.0,0.27951952853862333,-1.5,2.5,none
session_delta_pct_high_quality_Idea_Management,38,-0.0960993684677895,0.49676160044928747,-1.0,1.0,0.27733623717284334,-1.1964285714285714,0.9107142857142857,none
session_middle_num_Pronoun_Framing,157,12.424835709230614,4.058514150400137,1.0,22.5,0.2714970948019398,0.2500000000000018,24.65,none
session_mean_num_joint_framing,162,4.390570275061016,2.3940950516829314,0.0,12.0,0.2705741581089402,-3.126352813852814,11.90755772005772,none
session_delta_prior_relationship,159,-0.3448637316561845,0.5802539264386319,-1.0,1.0,0.2682108763403468,-2.5,1.5,none
session_delta_building_count,159,-4.724318658280923,6.943918086360079,-24.0,15.0,0.2633366769937743,-25.0,15.0,none
session_delta_dissent_was_present,159,0.03270440251572327,0.4265325095339815,-1.0,1.0,0.2545330243388947,0.0,0.0,none
session_middle_laughter_shared_humor,157,0.39984329188150847,0.2410941904516076,0.0,1.0,0.22966552153222533,-0.39999999999999997,1.2,none
any_broader_significance,162,0.4444444444444444,0.49844478627922684,0.0,1.0,0.22570202978706252,-1.5,2.5,none
session_middle_meeting_structure_quality,157,1.2469694671923972,0.22324049795384315,0.6666666666666666,2.0,0.22452326482005758,0.8541666666666669,1.6875,none
session_middle_total_quality_score,157,15.331526134870085,4.391717476236923,1.0,28.5,0.21581505388008684,5.041666666666665,25.375,none
session_mean_num_Knowledge_Sharing,162,5.381197780271854,1.75884847779685,0.0,11.571428571428571,0.2116634950652658,1.0781250000000004,9.536458333333332,none
session_mean_laughter_shared_humor,162,0.38224117275043196,0.21833472824621852,0.0,1.0,0.20994936004765477,-0.125,0.875,none
session_delta_dissent_response_exploratory,159,0.020125786163522015,0.4122383902632247,-1.0,1.0,0.20905045436516081,0.0,0.0,none
session_delta_pct_turns_any_smile,159,0.04085131231343378,0.39381148721812165,-1.0,1.0,0.20780837063806548,-0.5786670437405732,0.6422228506787331,none
session_mean_pct_high_quality_Integration_Practices,157,0.49356738592056126,0.27079821817235683,0.0,1.0,0.20571236023247486,-0.4583333333333333,1.475,none
session_beginning_gini_coefficient,160,0.3414212087037877,0.12539324917113065,0.0,0.6867924528301887,0.1877503960608345,0.018736107055874612,0.651256110862437,none
session_delta_decision_crystallization_level,158,1.2386075949367088,0.9973160879889705,-1.0,3.0,0.1802465174145108,-2.375,4.625,none
decision_crystallization_delta,158,1.2386075949367088,0.9973160879889705,-1.0,3.0,0.1802465174145108,-2.375,4.625,none
session_mean_artifact_interaction,162,0.2223181996330144,0.1408723559258258,0.0,0.625,0.17864564371711197,-0.13749999999999996,0.5625,none
session_delta_is_procedural,159,-0.1179245283018868,0.6946463629172074,-1.0,1.0,0.17366284809811117,-2.5,1.5,none
session_middle_problem_specificity_level,157,2.4743405037991026,0.46268374786256955,1.0,3.6666666666666665,0.1663230738299866,0.7499999999999998,4.083333333333334,none
session_beginning_pct_high_quality_Idea_Management,63,0.43965232298565626,0.38514131256068396,0.0,1.0,0.14062551801102086,-1.125,1.875,none
session_middle_mean_idea_quality_Idea_Management,156,1.5001947972111662,0.18638435830156466,1.0,2.0,0.1394751228557482,1.0043938762130733,1.990593539644878,none
session_mean_pct_high_quality_Idea_Management,158,0.49047502228806683,0.1824713501558992,0.0,0.9166666666666666,0.13853656193588726,-0.025652199982557133,1.0024853370835514,none
session_middle_pct_high_quality_Idea_Management,156,0.5016317630231321,0.1854434239629164,0.0,1.0,0.13062918000349763,0.004393876213072467,0.9905935396448792,none
session_mean_mean_idea_quality_Idea_Management,158,1.4881116507791257,0.18487752750228414,1.0,1.9166666666666667,0.12027570981059366,0.9690686050061051,2.005652854090354,none
session_beginning_num_Knowledge_Sharing,160,8.916666666666668,3.6148613005511323,0.0,21.0,0.11496911203044387,1.0,17.0,none
session_middle_num_joint_framing,157,5.038921747042766,2.75694867315265,0.0,12.0,0.10540533760257874,-3.0,13.0,none
session_mean_mean_idea_quality_Integration_Practices,157,1.4866216777009675,0.280198657217946,0.8333333333333334,2.0,0.09672720703294076,0.5416666666666665,2.475,none
session_middle_dissent_response_exploratory,157,0.45937973915680924,0.25349015142103265,0.0,1.0,0.08469046363423766,-0.375,1.2916666666666665,none
session_beginning_prior_relationship,160,0.48343749999999996,0.49052339050062843,0.0,1.0,0.07271920619026606,-1.5,2.5,none
session_middle_dissent_was_present,157,0.46368668486502884,0.25636169491641847,0.0,1.0,0.06833750506797483,-0.375,1.2916666666666665,none
session_delta_mean_idea_quality_Integration_Practices,39,0.052838827838827845,0.5207193835523458,-1.0,1.0,0.06368271335323468,-0.8809523809523812,1.1571428571428575,none
session_delta_personal_disclosure,159,-0.05345911949685535,0.6556502110634711,-1.0,1.0,0.06349990662594532,-0.3125,0.1875,none
commitment_timing_normalized,56,0.44068877551020413,0.3078510964792964,0.0,1.0,0.061913088798113705,-0.7142857142857142,1.5714285714285714,none
session_mean_dissent_response_exploratory,162,0.3553923271515864,0.2038432981693975,0.0,0.875,0.046529327770190684,-0.33333333333333337,1.0,none
session_end_mean_quality_score,123,1.216503901172408,0.3309949477899145,0.0,2.0,0.04409784708965202,0.3257575757575759,2.1237373737373737,none
session_delta_cross_disciplinary_bridging,159,-0.014570230607966458,0.6940467720004236,-1.0,1.0,0.04152725682460713,-1.0416666666666665,0.625,none
session_delta_num_Evaluation_Practices,159,1.070859538784067,3.081706703188625,-10.0,10.0,0.03889453356603479,-4.5,7.5,none
session_delta_is_novel_combination,159,0.0749475890985325,0.5619150317099472,-1.0,1.0,0.0264747237482011,0.0,0.0,none
session_mean_dissent_was_present,162,0.359715764345394,0.20639606124107884,0.0,0.875,0.009799535156071865,-0.33333333333333337,1.0,none
session_delta_blocking_count,159,0.11876310272536687,1.2853411086579565,-5.0,6.0,0.008879606770786247,-1.5,2.5,none
session_delta_funding_awareness,159,0.004402515723270436,0.5823271999119946,-1.0,1.0,0.0065932150123257285,0.0,0.0,none
session_beginning_is_convergent,160,0.0,0.0,0.0,0.0,0.0,0.0,0.0,none
session_beginning_laughter_tension_release,160,0.0,0.0,0.0,0.0,0.0,0.0,0.0,none
session_beginning_dissent_response_quality,20,3.0,0.0,3.0,3.0,0.0,3.0,3.0,none
session_delta_dissent_response_quality,5,0.0,0.0,0.0,0.0,0.0,0.0,0.0,none
session_beginning_num_Idea_Novelty_Signal,160,0.0,0.0,0.0,0.0,0.0,0.0,0.0,none
session_beginning_num_named_next_steps,160,0.0,0.0,0.0,0.0,0.0,0.0,0.0,none
session_beginning_num_novelty_signals,160,0.0,0.0,0.0,0.0,0.0,0.0,0.0,none
session_beginning_pct_turns_distraction,160,0.0,0.0,0.0,0.0,0.0,0.0,0.0,none
session_end_pct_turns_distraction,161,0.0,0.0,0.0,0.0,0.0,0.0,0.0,none
session_delta_pct_turns_distraction,159,0.0,0.0,0.0,0.0,0.0,0.0,0.0,none
session_beginning_mean_distracted_count,154,0.0,0.0,0.0,0.0,0.0,0.0,0.0,none
session_end_mean_distracted_count,157,0.0,0.0,0.0,0.0,0.0,0.0,0.0,none
session_delta_mean_distracted_count,149,0.0,0.0,0.0,0.0,0.0,0.0,0.0,none
unresolved_tension_flag,162,0.0,0.0,0.0,0.0,0.0,0.0,0.0,none
session_beginning_mean_idea_quality_Idea_Management,63,1.4317158150491482,0.3992408434879742,0.5,2.0,-0.007085323290011877,-0.125,2.875,none
session_middle_mean_idea_quality_Knowledge_Sharing,156,1.27354044752053,0.15725817085881255,0.875,1.6833333333333336,-0.008052265663726233,0.8573322510822512,1.682224025974026,none
session_delta_artifact_interaction,159,0.3081761006289308,0.5480398132119875,-1.0,1.0,-0.010789528022667031,-1.5,2.5,none
session_beginning_total_quality_score,160,10.785104166666667,5.038264691358739,0.0,23.0,-0.024587887906576036,-1.0,23.0,none
any_risk_enthusiasm,162,0.5061728395061729,0.5015121677616657,0.0,1.0,-0.024924619587575973,-1.5,2.5,none
session_beginning_building_count,160,11.6734375,4.144210048764954,0.0,24.0,-0.028635367296168612,1.5,21.5,none
session_delta_explicit_complementarity,159,-0.059958071278826006,0.5153007652632838,-1.0,1.0,-0.029066051845076178,0.0,0.0,none
session_middle_pct_high_quality_Integration_Practices,155,0.527608643868606,0.2757339363455904,0.0,1.0,-0.03376595767750425,-0.2916666666666667,1.375,none
session_delta_interruption_quality_ratio,159,74004.21268341599,1008003.4433156638,-4000000.0,4000000.0,-0.03712536863712383,0.0,0.0,none
session_middle_collective_engagement_score,157,3.0226013547669597,0.25908794975423255,2.0,4.0,-0.03748130963150013,2.7857142857142856,3.3571428571428568,none
session_delta_pct_high_quality_Integration_Practices,39,0.046428571428571444,0.49998157562426127,-1.0,1.0,-0.04796017622625476,-0.630952380952381,1.0071428571428571,none
session_delta_is_divergent,159,-0.26331236897274635,0.537627032953081,-1.0,1.0,-0.05426793883352472,-2.5,1.5,none
session_mean_num_Pronoun_Framing,162,11.185210459978979,3.5427032983551374,0.0,20.428571428571427,-0.05445549646667948,2.2842938311688323,20.457995129870127,none
session_delta_any_laughter,159,-0.00817610062893082,0.5494718981196727,-1.0,1.0,-0.06088875877373048,0.0,0.0,none
session_end_pct_joint_framing,161,0.505262546114075,0.4189375905501309,0.0,0.9999999523809546,-0.07917598639067866,-1.4999985000015001,2.4999975000025003,none
session_beginning_building_blocking_ratio,160,8610939.690666534,5773310.124521454,0.0,24000000.0,-0.08413732611182603,-8312497.361112945,24187498.416667767,none
session_delta_screenshare_active,159,0.25419287211740044,0.5699025521651424,-1.0,1.0,-0.08567907373622725,-1.5,2.5,none
session_mean_mean_nod_rate,162,0.9045130301000786,0.3499362505090564,0.0,2.1740689865689866,-0.09201406138420283,-0.013074360243236272,1.8213110108623365,none
session_beginning_is_procedural,160,0.5276041666666667,0.4893307758853018,0.0,1.0,-0.10496737671220684,-1.5,2.5,none
session_end_screenshare_active,161,0.5256728778467908,0.4935838109514962,0.0,1.0,-0.10986976197803125,-1.5,2.5,none
session_mean_mean_idea_quality_Knowledge_Sharing,160,1.2088736329325986,0.14004034315490593,0.75,1.5333333333333332,-0.15133536614993862,0.867857142857143,1.5523809523809522,none
session_delta_dominant_speaker_flag,156,0.3090811965811966,0.5730173640106995,-1.0,1.0,-0.1594587055551517,-1.5,2.5,none
session_middle_mean_idea_quality_Integration_Practices,155,1.5211822834906326,0.2862481785465111,0.8333333333333334,2.0,-0.163380321768253,0.7083333333333331,2.375,none
session_delta_laughter_shared_humor,159,0.11656184486373164,0.6519242772013104,-1.0,1.0,-0.16518633359893115,-1.5,2.5,none
session_mean_building_count,162,12.019366393208985,3.5443626685841605,0.0,22.25,-0.17645096575021446,2.885416666666665,21.05763888888889,none
session_delta_skill_gap_identified,159,-0.06289308176100629,0.4564082106413781,-1.0,1.0,-0.1940960401804148,0.0,0.0,none
session_delta_ambition_level_ordinal,159,0.42945492662473794,1.7181174433419475,-3.0,3.0,-0.1961122310551151,-3.0,5.0,none
session_end_shared_vision_present,161,0.5509316770186335,0.4881770528057708,0.0,1.0,-0.20301533826797896,-1.5,2.5,none
session_middle_mean_quality_score,157,1.385269094087577,0.14855251653558463,0.9560335497835498,1.7445959595959597,-0.2086859428707592,1.0038564376799672,1.7734437131495953,none
session_mean_problem_specificity_level,160,2.423916742979243,0.41799579514144825,1.0,3.5714285714285716,-0.20969167811277137,1.0833333333333337,3.75,none
session_mean_pct_joint_framing,162,0.47258796832990413,0.21747689874740853,0.0,0.8563257355837317,-0.21701976380379148,-0.21869197748019692,1.1687192196056786,none
session_delta_gini_coefficient,156,0.020579150119154323,0.20415569717774534,-0.4372955288985825,0.578125,-0.22503492952124296,-0.4536703026511458,0.5138426475789795,none
gini_trajectory,156,0.020579150119154323,0.20415569717774534,-0.4372955288985825,0.578125,-0.22503492952124296,-0.4536703026511458,0.5138426475789795,none
session_middle_mean_nod_rate,157,1.0213298147687901,0.3785129665032388,0.0,1.8764880952380953,-0.23349425552837497,0.1186131787821777,1.9248874883155007,none
session_end_mean_idea_quality_Knowledge_Sharing,111,1.1254111254111254,0.3753057608381505,0.0,2.0,-0.25904835709561613,0.5000000000000001,1.833333333333333,none
session_delta_num_Information_Seeking,159,-0.3378406708595388,2.3434955660560663,-7.0,5.0,-0.2643001126709811,-6.5,5.5,none
session_mean_mean_quality_score,160,1.3152295158724854,0.1504087704235124,0.75,1.6747113997113996,-0.2668979671501136,0.9242109214808394,1.7007412745221806,none
psych_safety_index,162,5.08281117240941e-18,6.550216229782577e-17,-1.942890293094024e-16,1.6653345369377348e-16,-0.29765304790261427,-1.5265566588595902e-16,1.8041124150158794e-16,none
session_delta_meeting_structure_quality,159,0.021488469601677152,0.6528912919250439,-2.0,2.0,-0.3049281050004241,0.0,0.0,none
session_mean_total_quality_score,162,13.213504867903016,3.8483896537542224,0.0,25.0,-0.3291618648860663,4.183238636363633,22.24005681818182,none
session_middle_pct_joint_framing,157,0.5171689635932561,0.24414927987876842,0.0,0.9555554227866168,-0.3574322452802625,-0.23164987353669436,1.3072951196226996,none
session_delta_pct_joint_framing,159,0.27241804101978595,0.5158161182888309,-0.9999999333333378,0.9999999375000038,-0.37856547584413464,-1.124998546876494,1.8749975781274901,none
joint_framing_trajectory,159,0.27241804101978595,0.5158161182888309,-0.9999999333333378,0.9999999375000038,-0.37856547584413464,-1.124998546876494,1.8749975781274901,none
session_beginning_num_individual_framing,160,7.274479166666666,3.7390646155721194,0.0,16.0,-0.3921023698587965,-5.0,19.0,none
session_delta_num_collaborative_completions,159,0.11006289308176101,0.6562557852344947,-3.0,3.0,-0.4019081091572189,0.0,0.0,none
session_delta_shared_vision_present,159,0.30000000000000004,0.6535201661731156,-1.0,1.0,-0.410886898881015,-1.5,2.5,none
no_convergence_flag,162,0.6049382716049383,0.4903798083265514,0.0,1.0,-0.43333758118053073,-1.5,2.5,none
session_mean_is_novel_combination,162,0.5609917517324925,0.24659551989725387,0.0,1.0,-0.4418563847919872,-0.07589285714285715,1.2455357142857144,none
session_mean_gini_coefficient,162,0.34902284085315516,0.06561305991256537,0.0,0.6258503401360545,-0.46903492732440594,0.20318692562954127,0.49964252042392515,none
session_beginning_collective_engagement_score,160,2.991875,0.40645983802845614,1.0,4.0,-0.47390304343028794,3.0,3.0,none
session_mean_shared_vision_present,162,0.609006734006734,0.30328182788854374,0.0,1.0,-0.5647807732271892,-0.3489583333333333,1.609375,none
session_end_gini_coefficient,158,0.3620424693169956,0.17849437156804035,0.0,0.6716926070038911,-0.6032317059428297,-0.05215994900460885,0.7987177601255268,none
session_delta_num_Participation_Dynamics,159,-4.019182389937106,5.0101722084119915,-21.0,6.0,-0.607556722014846,-20.0,12.0,none
session_end_collective_engagement_score,161,2.783126293995859,0.7591478857392413,1.0,4.0,-0.6296947309564908,1.0000000000000004,4.199999999999999,none
no_commitment_signal,162,0.654320987654321,0.4770638413769472,0.0,1.0,-0.6550485970557581,-1.5,2.5,none
session_end_mean_vocal_enthusiasm,157,2.121846486680341,0.21604069390420658,1.0,2.9696969696969697,-0.6995595324890024,1.6842105263157892,2.526315789473685,none
session_middle_any_laughter,157,0.7212137296532201,0.23317784219605642,0.0,1.0,-0.7099390193862829,0.2142857142857143,1.2428571428571429,none
session_delta_num_setback_explores,159,-0.0034591194968553447,0.3761109912626682,-2.0,1.0,-0.7108766414743126,0.0,0.0,none
session_delta_explore_vs_defend_ratio,159,-3459.119496855346,376110.9912626682,-2000000.0,1000000.0,-0.7108766414743134,0.0,0.0,none
session_delta_mean_vocal_enthusiasm,149,0.05195044779144961,0.2392160996293605,-1.0666666666666669,0.8696969696969696,-0.7283583364378301,-0.2792801395742581,0.40486083868436906,none
session_beginning_mean_quality_score,156,1.0200654664108912,0.31484686338537526,0.0,2.0,-0.7556742015348809,0.8377403846153847,1.270432692307692,none
session_mean_any_laughter,162,0.7154235253772291,0.22063526113365498,0.0,1.0,-0.7714956765537677,0.11607142857142849,1.3303571428571428,none
pct_chunks_any_laughter,162,0.7154235253772291,0.22063526113365498,0.0,1.0,-0.7714956765537677,0.11607142857142849,1.3303571428571428,none
session_delta_pronoun_shift_occurred,159,-0.2348008385744235,0.4536203160867713,-1.0,1.0,-0.7759339926933113,-1.25,0.75,none
session_mean_is_divergent,162,0.5823540742522224,0.20102899176791628,0.0,1.0,-0.7855815422442047,0.17857142857142855,1.0357142857142858,none
session_middle_is_novel_combination,157,0.6959154787180265,0.2733756740100384,0.0,1.0,-0.7972910297004507,-0.25,1.75,none
session_middle_gini_coefficient,157,0.35017676629596395,0.06084772488865243,0.0,0.5456882550345254,-0.8369426500103878,0.20490430448470745,0.49439946523945855,none
session_middle_shared_vision_present,157,0.7010009099181074,0.34343770030907356,0.0,1.0,-0.8608231438537444,-0.25,1.75,none
session_delta_num_Complementarity_Articulation,159,-0.09171907756813417,0.38017352159035533,-1.0,1.0,-0.8919824579189829,0.0,0.0,none
session_delta_num_complementarity,159,-0.09171907756813417,0.38017352159035533,-1.0,1.0,-0.8919824579189829,0.0,0.0,none
session_beginning_meeting_structure_quality,160,1.6212499999999999,0.5188917058269104,0.0,2.0,-0.9347211749244708,-0.5,3.5,none
session_end_num_Idea_Novelty_Signal,161,0.018633540372670808,0.17578572501205106,0.0,2.0,10.162555353579194,0.0,0.0,log_or_winsorize
session_end_num_novelty_signals,161,0.018633540372670808,0.17578572501205106,0.0,2.0,10.162555353579194,0.0,0.0,log_or_winsorize
session_delta_num_Idea_Novelty_Signal,159,0.018867924528301886,0.17688221473258164,0.0,2.0,10.098581955711486,0.0,0.0,log_or_winsorize
session_delta_num_novelty_signals,159,0.018867924528301886,0.17688221473258164,0.0,2.0,10.098581955711486,0.0,0.0,log_or_winsorize
session_mean_pct_turns_distraction,162,0.0015024050994004612,0.012605948559999499,0.0,0.14285714285714285,9.958098797238469,0.0,0.0,log_or_winsorize
session_mean_mean_distracted_count,162,0.0015024050994004612,0.012605948559999499,0.0,0.14285714285714285,9.958098797238469,0.0,0.0,log_or_winsorize
session_middle_pct_turns_distraction,157,0.002153573772633502,0.017754012339843174,0.0,0.2,9.936371449023998,0.0,0.0,log_or_winsorize
session_middle_mean_distracted_count,157,0.002153573772633502,0.017754012339843174,0.0,0.2,9.936371449023998,0.0,0.0,log_or_winsorize
session_middle_num_named_next_steps,157,0.0016985138004246285,0.015468089725992474,0.0,0.16666666666666666,9.541705742321321,0.0,0.0,log_or_winsorize
session_beginning_num_setback_defends,160,0.00625,0.05572563065546845,0.0,0.5,8.858955569801253,0.0,0.0,log_or_winsorize
session_end_num_Broader_Significance,161,0.19596273291925467,0.8149765172092289,0.0,9.0,8.444504062584121,0.0,0.0,log_or_winsorize
session_end_num_broader_significance,161,0.19596273291925467,0.8149765172092289,0.0,9.0,8.444504062584121,0.0,0.0,log_or_winsorize
building_blocking_ratio_session,162,413594.98742706224,3135934.9287479324,0.0,32000000.0,8.366387674984061,-6.215336839657587,32.18919605679585,log_or_winsorize
session_beginning_num_Idea_Ownership_Attribution,160,0.052500000000000005,0.3085673937375552,0.0,3.0,7.556554322485931,0.0,0.0,log_or_winsorize
session_beginning_num_idea_attribution,160,0.052500000000000005,0.3085673937375552,0.0,3.0,7.556554322485931,0.0,0.0,log_or_winsorize
session_beginning_risk_acknowledgment_enthusiasm,160,0.01875,0.12112260249754864,0.0,1.0,7.29166587428244,0.0,0.0,log_or_winsorize
named_next_steps_count,162,0.018518518518518517,0.1352348875483466,0.0,1.0,7.209678047400575,0.0,0.0,log_or_winsorize
session_end_num_named_next_steps,161,0.018633540372670808,0.13564888911455344,0.0,1.0,7.186514933213774,0.0,0.0,log_or_winsorize
session_end_laughter_tension_release,161,0.018633540372670808,0.13564888911455344,0.0,1.0,7.186514933213773,0.0,0.0,log_or_winsorize
session_delta_laughter_tension_release,159,0.018867924528301886,0.1364884245663414,0.0,1.0,7.139962938908091,0.0,0.0,log_or_winsorize
session_delta_num_named_next_steps,159,0.018867924528301886,0.1364884245663414,0.0,1.0,7.139962938908091,0.0,0.0,log_or_winsorize
session_end_num_setback_defends,161,0.024844720496894408,0.15613738177508177,0.0,1.0,6.162932540585008,0.0,0.0,log_or_winsorize
session_delta_num_Broader_Significance,159,0.08417190775681341,0.9068554321177035,-2.0,9.0,6.155910772891285,0.0,0.0,log_or_winsorize
session_delta_num_broader_significance,159,0.08417190775681341,0.9068554321177035,-2.0,9.0,6.155910772891285,0.0,0.0,log_or_winsorize
session_beginning_num_collaborative_completions,160,0.08333333333333333,0.44705730907355334,0.0,3.0,5.884674920171287,0.0,0.0,log_or_winsorize
session_beginning_pct_turns_audible_backchannel,160,0.03767179666225375,0.09658565591097104,0.0,0.8571428571428571,5.699009244653242,-0.06317934782608696,0.10529891304347827,log_or_winsorize
session_mean_num_named_next_steps,162,0.003711052322163433,0.021146715880440706,0.0,0.14285714285714285,5.681806778921918,0.0,0.0,log_or_winsorize
session_end_num_Role_Anticipation,161,0.13871635610766048,0.5756144135365996,0.0,5.0,5.55965301889328,0.0,0.0,log_or_winsorize
session_end_num_role_anticipation,161,0.13871635610766048,0.5756144135365996,0.0,5.0,5.55965301889328,0.0,0.0,log_or_winsorize
session_end_num_scope_calibration,161,0.09989648033126293,0.4455431177476055,0.0,3.0,5.543419778123454,0.0,0.0,log_or_winsorize
session_beginning_num_scope_calibration,160,0.0515625,0.23972087247069912,0.0,2.0,5.46945139140128,0.0,0.0,log_or_winsorize
session_end_pronoun_shift_occurred,161,0.033850931677018636,0.15198252778152713,0.0,1.0,5.363798700010863,0.0,0.0,log_or_winsorize
session_middle_is_procedural,157,0.038881306237994136,0.10784434613677642,0.0,1.0,5.29650772106988,0.0,0.0,log_or_winsorize
session_end_num_competitive_interruptions,161,0.03540372670807453,0.1783290280241129,0.0,1.0,5.117088033612167,0.0,0.0,log_or_winsorize
session_end_num_Complementarity_Articulation,161,0.05797101449275362,0.2501810938303391,0.0,2.0,5.046346523161106,0.0,0.0,log_or_winsorize
session_end_num_complementarity,161,0.05797101449275362,0.2501810938303391,0.0,2.0,5.046346523161106,0.0,0.0,log_or_winsorize
session_beginning_laughter_appreciative,160,0.0375,0.18214307735659577,0.0,1.0,4.89897880742632,0.0,0.0,log_or_winsorize
session_beginning_num_competitive_interruptions,160,0.09916666666666667,0.3864394257440512,0.0,3.0,4.846861969178547,0.0,0.0,log_or_winsorize
session_end_pct_turns_audible_backchannel,161,0.060114420101820776,0.132275435017741,0.0,1.0,4.80367262340613,-0.11538461538461539,0.19230769230769232,log_or_winsorize
session_delta_num_setback_defends,159,0.018867924528301886,0.16769842255274142,-0.5,1.0,4.7533645060449325,0.0,0.0,log_or_winsorize
session_beginning_num_Future_Oriented_Language,160,0.07760416666666667,0.3281997082266891,0.0,2.0,4.676546347314485,0.0,0.0,log_or_winsorize
session_beginning_num_future_oriented,160,0.07760416666666667,0.3281997082266891,0.0,2.0,4.676546347314485,0.0,0.0,log_or_winsorize
session_mean_num_Idea_Novelty_Signal,162,0.010839212228101115,0.044442496194636444,0.0,0.2857142857142857,4.67070716722965,0.0,0.0,log_or_winsorize
session_mean_num_novelty_signals,162,0.010839212228101115,0.044442496194636444,0.0,0.2857142857142857,4.67070716722965,0.0,0.0,log_or_winsorize
session_middle_num_Idea_Novelty_Signal,157,0.013815589930239614,0.057053399330798546,0.0,0.4,4.577300359257085,0.0,0.0,log_or_winsorize
session_middle_num_novelty_signals,157,0.013815589930239614,0.057053399330798546,0.0,0.4,4.577300359257085,0.0,0.0,log_or_winsorize
session_end_pct_hesitation,161,0.06585063784615693,0.15783143893995197,0.0,1.0,4.5021745624297065,-0.1,0.16666666666666669,log_or_winsorize
session_beginning_commitment_signal,160,0.04479166666666667,0.20538001031579622,0.0,1.0,4.476507227871522,0.0,0.0,log_or_winsorize
session_beginning_num_setback_explores,160,0.0671875,0.2699899179925244,0.0,2.0,4.451572389150634,0.0,0.0,log_or_winsorize
session_beginning_explore_vs_defend_ratio,160,67187.5,269989.9179925244,0.0,2000000.0,4.451572389150633,0.0,0.0,log_or_winsorize
session_beginning_num_Role_Anticipation,160,0.27395833333333336,0.8293082825242446,0.0,6.0,4.399586074091905,0.0,0.0,log_or_winsorize
session_beginning_num_role_anticipation,160,0.27395833333333336,0.8293082825242446,0.0,6.0,4.399586074091905,0.0,0.0,log_or_winsorize
session_middle_num_competitive_interruptions,157,0.0996082297037711,0.21159296087088839,0.0,1.8333333333333333,4.385946803862175,-0.25,0.41666666666666663,log_or_winsorize
session_end_risk_acknowledgment_enthusiasm,161,0.04834368530020704,0.20672046484712503,0.0,1.0,4.334853355138216,0.0,0.0,log_or_winsorize
session_beginning_pct_hesitation,160,0.031737137932833365,0.07191595657101083,0.0,0.5714285714285714,4.031328274164717,-0.05321618037135279,0.08869363395225466,log_or_winsorize
session_beginning_pct_high_quality_Knowledge_Sharing,155,0.05017867556577234,0.14457720063947663,0.0,0.9,3.7988228364893812,0.0,0.0,log_or_winsorize
session_beginning_num_Broader_Significance,160,0.10729166666666667,0.3651468765299147,0.0,2.0,3.7724233911036587,0.0,0.0,log_or_winsorize
session_beginning_num_broader_significance,160,0.10729166666666667,0.3651468765299147,0.0,2.0,3.7724233911036587,0.0,0.0,log_or_winsorize
session_mean_num_competitive_interruptions,162,0.09345304900860456,0.17204124451169328,0.0,1.375,3.7448007942973316,-0.1875,0.3125,log_or_winsorize
session_end_num_Idea_Ownership_Attribution,161,0.08716356107660456,0.2976776339851841,0.0,2.0,3.6842491743453807,0.0,0.0,log_or_winsorize
session_end_num_idea_attribution,161,0.08716356107660456,0.2976776339851841,0.0,2.0,3.6842491743453807,0.0,0.0,log_or_winsorize
session_end_explore_vs_defend_ratio,161,63354.03726708075,242303.9003487637,0.0,1000000.0,3.639726912679706,0.0,0.0,log_or_winsorize
session_end_num_setback_explores,161,0.06335403726708073,0.2423039003487637,0.0,1.0,3.6397269126797047,0.0,0.0,log_or_winsorize
session_middle_num_scope_calibration,157,0.09492720655141038,0.18501147434967502,0.0,1.4,3.5717447877083353,-0.25,0.41666666666666663,log_or_winsorize
session_delta_pct_hesitation,159,0.03448015067491359,0.17095177839774325,-0.5714285714285714,1.0,3.571026588129585,-0.05470822281167109,0.09118037135278514,log_or_winsorize
session_end_num_Epistemic_Bridging,161,0.17494824016563146,0.4922317523267061,0.0,3.0,3.5135092215914847,0.0,0.0,log_or_winsorize
session_end_num_epistemic_bridging,161,0.17494824016563146,0.4922317523267061,0.0,3.0,3.5135092215914847,0.0,0.0,log_or_winsorize
session_beginning_responsiveness_index,160,-0.29340391961404944,0.6168212611580406,-0.8604649237120855,4.438499410947717,3.5094115403231463,-1.5704578379069822,0.7854626073153983,log_or_winsorize
session_delta_num_scope_calibration,159,0.049266247379454925,0.5026489112297389,-2.0,3.0,3.430303781445686,0.0,0.0,log_or_winsorize
session_beginning_num_elaborative_jumps,160,0.24125000000000002,0.5850482429175227,0.0,4.0,3.2993263327458453,0.0,0.0,log_or_winsorize
session_beginning_blocking_count,160,0.39177083333333335,0.9227102031841297,0.0,6.0,3.2939956893997095,0.0,0.0,log_or_winsorize
session_end_commitment_signal,161,0.07453416149068323,0.26345765862506015,0.0,1.0,3.2704884140491917,0.0,0.0,log_or_winsorize
session_beginning_decision_crystallization_level,159,1.078092243186583,0.25790687792702827,1.0,2.0,3.231622957300136,1.0,1.0,log_or_winsorize
session_middle_num_setback_defends,157,0.061298149833181687,0.15550701266701264,0.0,1.0,3.158916013325026,0.0,0.0,log_or_winsorize
session_beginning_pct_turns_shared_affect,160,0.040222654043537885,0.06588170498168511,0.0,0.5,3.1563882823579767,-0.08392857142857142,0.13988095238095238,log_or_winsorize
session_middle_num_Role_Anticipation,157,0.0649909008189263,0.14895627412457127,0.0,1.0,3.1373830198777366,0.0,0.0,log_or_winsorize
session_middle_num_role_anticipation,157,0.0649909008189263,0.14895627412457127,0.0,1.0,3.1373830198777366,0.0,0.0,log_or_winsorize
session_end_num_Future_Oriented_Language,161,0.13995859213250517,0.4107719676241105,0.0,2.0,3.1289339874751962,0.0,0.0,log_or_winsorize
session_end_num_future_oriented,161,0.13995859213250517,0.4107719676241105,0.0,2.0,3.1289339874751962,0.0,0.0,log_or_winsorize
session_beginning_interruption_quality_ratio,160,315208.338020831,778283.1252103605,0.0,4000000.0,3.1253719114304324,0.0,0.0,log_or_winsorize
session_middle_laughter_tension_release,157,0.01681073703366697,0.0540121187324704,0.0,0.25,3.118302636939325,0.0,0.0,log_or_winsorize
session_end_laughter_appreciative,161,0.08074534161490683,0.2732936899999501,0.0,1.0,3.1067552411244472,0.0,0.0,log_or_winsorize
session_beginning_num_Coordination_Decision,160,5.0372916666666665,4.53853232198097,0.0,39.0,3.0414876220971734,-5.5,14.5,log_or_winsorize
session_beginning_artifact_interaction,160,0.084375,0.2689348473726985,0.0,1.0,3.0401202147566977,0.0,0.0,log_or_winsorize
session_beginning_pct_high_enthusiasm,154,0.07589357215369934,0.12279004549098736,0.0,0.8571428571428571,3.013284489499092,-0.15789473684210525,0.2631578947368421,log_or_winsorize
session_mean_is_procedural,162,0.162506903247644,0.15367989007094485,0.0,1.0,2.9996225081473566,-0.05555555555555555,0.38888888888888884,log_or_winsorize
session_beginning_mean_vocal_enthusiasm,154,2.074320098174682,0.12365732052070573,1.9473684210526316,2.857142857142857,2.97895301773783,1.8440789473684212,2.2598684210526314,log_or_winsorize
session_end_num_collaborative_completions,161,0.19151138716356106,0.4877710002185906,0.0,3.0,2.9747363554547697,0.0,0.0,log_or_winsorize
session_middle_num_Future_Oriented_Language,157,0.07811141441714689,0.15334148069277548,0.0,1.0,2.912740050758536,-0.25,0.41666666666666663,log_or_winsorize
session_middle_num_future_oriented,157,0.07811141441714689,0.15334148069277548,0.0,1.0,2.912740050758536,-0.25,0.41666666666666663,log_or_winsorize
session_mean_num_scope_calibration,162,0.08780418826715124,0.15189269576991227,0.0,1.0,2.8851218067736566,-0.21428571428571427,0.3571428571428571,log_or_winsorize
session_beginning_dissent_was_present,160,0.09708333333333333,0.28121075702615944,0.0,1.0,2.7855481102591524,0.0,0.0,log_or_winsorize
session_beginning_dissent_response_exploratory,160,0.09708333333333333,0.28121075702615944,0.0,1.0,2.7855481102591524,0.0,0.0,log_or_winsorize
session_mean_laughter_tension_release,162,0.013585368677961271,0.04047735646359928,0.0,0.16666666666666666,2.75589673423201,0.0,0.0,log_or_winsorize
session_beginning_num_Epistemic_Bridging,160,0.1278125,0.3460858395951414,0.0,2.0,2.7226542583548676,0.0,0.0,log_or_winsorize
session_beginning_num_epistemic_bridging,160,0.1278125,0.3460858395951414,0.0,2.0,2.7226542583548676,0.0,0.0,log_or_winsorize
session_end_skill_gap_identified,161,0.09989648033126296,0.2890987966365498,0.0,1.0,2.709019757484617,0.0,0.0,log_or_winsorize
session_mean_num_setback_defends,162,0.04380210838544171,0.1015828220720311,0.0,0.5,2.6039767872340978,0.0,0.0,log_or_winsorize
session_end_blocking_count,161,0.5066252587991719,0.8954966024175295,0.0,6.0,2.587738682372065,-1.5,2.5,log_or_winsorize
session_end_num_Integration_Practices,161,1.2128364389233954,1.9439161222752601,0.0,12.0,2.582179139468969,-3.0,5.0,log_or_winsorize
session_end_interruption_quality_ratio,161,386335.42795028636,814458.9271212161,0.0,4000000.0,2.567759255828324,-300000.5999994,500000.999999,log_or_winsorize
session_middle_num_Epistemic_Bridging,157,0.39570063694267515,0.3988800841665619,0.0,3.0,2.517077421249042,-0.4404761904761906,1.1785714285714286,log_or_winsorize
session_middle_num_epistemic_bridging,157,0.39570063694267515,0.3988800841665619,0.0,3.0,2.517077421249042,-0.4404761904761906,1.1785714285714286,log_or_winsorize
session_end_num_Idea_Management,161,1.5917184265010351,2.2359749025123885,0.0,16.0,2.5114063457551468,-4.5,7.5,log_or_winsorize
diverge_converge_arc,162,0.1111111111111111,0.31524416249564025,0.0,1.0,2.4980637032759994,0.0,0.0,log_or_winsorize
session_mean_num_Role_Anticipation,162,0.1015451027025101,0.18391323388993522,0.0,1.0,2.49034323282717,-0.1875,0.3125,log_or_winsorize
session_mean_num_role_anticipation,162,0.1015451027025101,0.18391323388993522,0.0,1.0,2.49034323282717,-0.1875,0.3125,log_or_winsorize
session_middle_num_Complementarity_Articulation,157,0.15037913254473761,0.20588315054535933,0.0,1.5,2.4741494961875787,-0.30000000000000004,0.5,log_or_winsorize
session_middle_num_complementarity,157,0.15037913254473761,0.20588315054535933,0.0,1.5,2.4741494961875787,-0.30000000000000004,0.5,log_or_winsorize
session_beginning_num_Idea_Management,160,1.23,2.1377327867404854,0.0,13.0,2.4678146248164237,-3.0,5.0,log_or_winsorize
session_end_num_elaborative_jumps,161,0.21904761904761905,0.5271050955417067,0.0,2.0,2.452937178273084,0.0,0.0,log_or_winsorize
session_end_dissent_response_exploratory,161,0.1163561076604555,0.3082458887808734,0.0,1.0,2.415699650295737,0.0,0.0,log_or_winsorize
earliest_commitment_chunk,162,0.47530864197530864,2.6356387307548976,-1.0,15.0,2.3868452413980954,-4.0,4.0,log_or_winsorize
session_end_num_Participation_Dynamics,161,0.9311594202898552,1.4673472976045716,0.0,9.0,2.3713386402158183,-1.5,2.5,log_or_winsorize
session_mean_num_Future_Oriented_Language,162,0.08301144157625638,0.13789991736260465,0.0,0.875,2.354360980096477,-0.1875,0.3125,log_or_winsorize
session_mean_num_future_oriented,162,0.08301144157625638,0.13789991736260465,0.0,0.875,2.354360980096477,-0.1875,0.3125,log_or_winsorize
session_mean_num_Idea_Ownership_Attribution,162,0.10835259562111416,0.1613513813590873,0.0,1.0,2.3112325801639484,-0.21428571428571427,0.3571428571428571,log_or_winsorize
session_mean_num_idea_attribution,162,0.10835259562111416,0.1613513813590873,0.0,1.0,2.3112325801639484,-0.21428571428571427,0.3571428571428571,log_or_winsorize
session_beginning_num_Evaluation_Practices,160,1.1404166666666666,1.7229171689113265,0.0,10.0,2.2995061331578186,-3.0,5.0,log_or_winsorize
session_mean_num_Broader_Significance,162,0.1687076897725046,0.2726397057412044,0.0,1.7142857142857142,2.2994447570237524,-0.375,0.625,log_or_winsorize
session_mean_num_broader_significance,162,0.1687076897725046,0.2726397057412044,0.0,1.7142857142857142,2.2994447570237524,-0.375,0.625,log_or_winsorize
session_beginning_dominant_speaker_flag,160,0.1253125,0.31607288407394335,0.0,1.0,2.2736481320736472,0.0,0.0,log_or_winsorize
session_end_dissent_was_present,161,0.1287784679089027,0.32318933422329016,0.0,1.0,2.238341014532349,0.0,0.0,log_or_winsorize
session_middle_num_Idea_Ownership_Attribution,157,0.1332120109190173,0.20925156030626355,0.0,1.1666666666666667,2.158360584034181,-0.30000000000000004,0.5,log_or_winsorize
session_middle_num_idea_attribution,157,0.1332120109190173,0.20925156030626355,0.0,1.1666666666666667,2.158360584034181,-0.30000000000000004,0.5,log_or_winsorize
session_mean_commitment_signal,162,0.06891990896620526,0.117961309787683,0.0,0.5714285714285714,2.118361207528665,-0.1875,0.3125,log_or_winsorize
session_end_prior_relationship,161,0.1398550724637681,0.3312024279940875,0.0,1.0,2.10506563566881,0.0,0.0,log_or_winsorize
session_middle_num_Relational_Climate,157,1.2532883429380244,0.9934950416684489,0.0,6.5,2.100703870108809,-1.0000000000000004,3.266666666666667,log_or_winsorize
session_middle_dominant_speaker_flag,157,0.11111111111111112,0.14559221814641193,0.0,1.0,2.1006135224788913,-0.25,0.41666666666666663,log_or_winsorize
session_end_num_individual_framing,161,1.75527950310559,2.717167912832889,0.0,13.0,2.0717045102409988,-3.0,5.0,log_or_winsorize
session_mean_dominant_speaker_flag,162,0.16583315518500702,0.15839926427684933,0.0,1.0,2.0498167314683746,-0.375,0.625,log_or_winsorize
session_middle_num_Integration_Practices,157,1.754825093519361,1.0132712862545783,0.0,7.5,2.047781644514667,-0.875,4.125,log_or_winsorize
session_end_num_joint_framing,161,3.5318840579710145,4.769263712429378,0.0,24.0,1.9848289445595784,-7.5,12.5,log_or_winsorize
session_beginning_num_Complementarity_Articulation,160,0.14947916666666666,0.3503388689728954,0.0,1.0,1.983378549934725,0.0,0.0,log_or_winsorize
session_beginning_num_complementarity,160,0.14947916666666666,0.3503388689728954,0.0,1.0,1.983378549934725,0.0,0.0,log_or_winsorize
session_delta_risk_acknowledgment_enthusiasm,159,0.030083857442348007,0.2384864810498388,-1.0,1.0,1.9716649446041832,0.0,0.0,log_or_winsorize
session_middle_commitment_signal,157,0.07875088464260438,0.13508666558534776,0.0,0.6666666666666666,1.9699322310577447,-0.25,0.41666666666666663,log_or_winsorize
session_mean_laughter_appreciative,162,0.09380656209359914,0.13212325247026022,0.0,0.75,1.9680738211812003,-0.20758928571428573,0.3459821428571429,log_or_winsorize
pct_chunks_appreciative_laughter,162,0.09380656209359914,0.13212325247026022,0.0,0.75,1.9680738211812003,-0.20758928571428573,0.3459821428571429,log_or_winsorize
session_end_responsiveness_index,161,-0.10325442753880663,0.7937954187741936,-0.8604649237120855,4.128469114743194,1.9182592295417025,-2.1330773247732617,1.7671731518518365,log_or_winsorize
session_middle_num_collaborative_completions,157,0.21778637144879182,0.2988737272500995,0.0,1.5,1.9062667395497426,-0.5,0.8333333333333333,log_or_winsorize
session_end_is_divergent,161,0.1556935817805383,0.3423930570573081,0.0,1.0,1.9037730817709075,0.0,0.0,log_or_winsorize
session_end_pct_turns_shared_affect,161,0.09156248208163821,0.12051814300291555,0.0,0.7272727272727273,1.8904202966887527,-0.21428571428571427,0.3571428571428571,log_or_winsorize
outcome_num_funded_teams,162,0.6049382716049383,0.8367195979579611,0.0,5.0,1.8849494561848368,-1.5,2.5,log_or_winsorize
session_end_explicit_complementarity,161,0.16200828157349895,0.3635101403719147,0.0,1.0,1.8695141166973128,0.0,0.0,log_or_winsorize
session_beginning_skill_gap_identified,160,0.16302083333333334,0.35716031921721136,0.0,1.0,1.8457746663087171,0.0,0.0,log_or_winsorize
session_middle_num_Coordination_Decision,157,2.098971287028612,1.2903945883159023,0.0,10.25,1.839529526994014,-1.3333333333333333,5.333333333333334,log_or_winsorize
session_middle_num_elaborative_jumps,157,0.4011298149833182,0.472363298540062,0.0,2.8333333333333335,1.8380463391008757,-0.75,1.25,log_or_winsorize
session_beginning_num_Relational_Climate,160,1.8008333333333333,2.099938270697675,0.0,12.0,1.8241378328926716,-4.5,7.5,log_or_winsorize
session_delta_pct_turns_shared_affect,159,0.04869076983695049,0.1148056419795494,-0.19743589743589743,0.7272727272727273,1.821073517809059,-0.14741750358680059,0.24569583931133432,log_or_winsorize
session_end_pct_high_enthusiasm,157,0.1370508244263857,0.1674612591589834,0.0,0.9696969696969697,1.802865663677666,-0.3214285714285714,0.5357142857142857,log_or_winsorize
session_beginning_num_joint_framing,160,2.3514583333333334,3.2135340040053526,0.0,16.0,1.7892178894172444,-6.0,10.0,log_or_winsorize
energy_matching_index,157,0.035523876625780625,0.15893011193209344,-0.3075499102701247,1.0,1.7828726041691063,-0.3099955769686563,0.35159677212371443,log_or_winsorize
pronoun_shift_timing,148,0.19300305550305547,0.2334022693196377,0.0,1.0,1.7464962359386358,-0.42857142857142855,0.7142857142857142,log_or_winsorize
session_middle_num_Broader_Significance,157,0.1813416236983116,0.2895068262396813,0.0,1.4,1.7458544451930358,-0.375,0.625,log_or_winsorize
session_middle_num_broader_significance,157,0.1813416236983116,0.2895068262396813,0.0,1.4,1.7458544451930358,-0.375,0.625,log_or_winsorize
session_middle_blocking_count,157,1.4223536548377314,0.9825371987702614,0.0,6.833333333333333,1.702728200169669,-1.0555555555555558,3.8333333333333335,log_or_winsorize
session_mean_pct_turns_shared_affect,162,0.05582299283509524,0.04610829643910013,0.0,0.293825222396651,1.6668978339086846,-0.06306526154848434,0.16408119498359594,log_or_winsorize
session_mean_blocking_count,162,1.1310008150285928,0.7886499586829477,0.0,5.625,1.643411764702114,-0.796942640692641,2.859983766233767,log_or_winsorize
session_middle_num_Evaluation_Practices,157,3.7555631382064503,1.8008334016573884,0.0,14.0,1.609374836739052,-0.43749999999999956,7.6625,log_or_winsorize
session_end_num_Knowledge_Sharing,161,2.5760869565217392,2.8421497528088318,0.0,15.0,1.5765811891934034,-6.0,10.0,log_or_winsorize
session_middle_pct_turns_shared_affect,157,0.05307259299200369,0.045146410859625605,0.0,0.28445759755057665,1.5755661470562234,-0.058460335888741465,0.15068466714171047,log_or_winsorize
session_middle_laughter_appreciative,157,0.1161282984531392,0.16262071050179966,0.0,0.8333333333333334,1.5582222467682563,-0.30000000000000004,0.5,log_or_winsorize
session_end_mean_nod_rate,154,0.5311806233911389,0.5754975321551101,0.0,3.0,1.5465233300110848,-1.1697154471544717,1.9495257452574528,log_or_winsorize
session_beginning_is_novel_combination,160,0.19864583333333333,0.39017444841016086,0.0,1.0,1.5275122385937276,0.0,0.0,log_or_winsorize
session_mean_num_elaborative_jumps,162,0.351660565086491,0.3817084416326197,0.0,2.125,1.5170785446096093,-0.75,1.25,log_or_winsorize
session_mean_num_collaborative_completions,162,0.1910494940587533,0.2346086582563677,0.0,1.25,1.5105062752307092,-0.42857142857142855,0.7142857142857142,log_or_winsorize
session_end_building_blocking_ratio,161,3316255.3543799166,4936340.864086838,0.0,20000000.0,1.4969370463748946,-8999990.000009999,14999994.000006,log_or_winsorize
session_beginning_pct_turns_any_smile,160,0.2231559454401863,0.26499148620275914,0.0,1.0,1.4909782205959419,-0.4661538461538462,0.776923076923077,log_or_winsorize
session_beginning_mean_nod_rate,146,0.6703493041143537,0.647063116224031,0.0,4.0,1.4840218707759583,-1.2750350140056024,2.365021008403361,log_or_winsorize
session_beginning_num_Integration_Practices,160,0.8220833333333333,1.0907215410377926,0.0,6.0,1.4687288340114875,-2.15625,3.59375,log_or_winsorize
session_mean_pct_turns_audible_backchannel,162,0.08090823293812154,0.05862033315117437,0.0,0.38375850340136053,1.4335054989498783,-0.062206437854345834,0.20870460529304047,log_or_winsorize
session_mean_risk_acknowledgment_enthusiasm,162,0.10949385833645094,0.14104977713047914,0.0,0.7142857142857143,1.409770278115192,-0.21428571428571427,0.3571428571428571,log_or_winsorize
session_middle_interruption_quality_ratio,157,536811.3053709886,554699.7862647371,0.0,2666666.6666666665,1.404748835396643,-892857.142857143,1869047.6190476192,log_or_winsorize
session_beginning_ambition_level_ordinal,160,0.6483333333333333,1.1822383985589595,0.0,3.0,1.3989404356385304,-0.6,1.0,log_or_winsorize
session_delta_pct_turns_audible_backchannel,159,0.020885572108832313,0.166402378925424,-0.8571428571428571,1.0,1.3928299569626637,-0.09063129852603535,0.12151164624848834,log_or_winsorize
session_delta_num_Epistemic_Bridging,159,0.048532494758909854,0.6046013892065714,-2.0,3.0,1.3791693220767471,0.0,0.0,log_or_winsorize
session_delta_num_epistemic_bridging,159,0.048532494758909854,0.6046013892065714,-2.0,3.0,1.3791693220767471,0.0,0.0,log_or_winsorize
session_mean_interruption_quality_ratio,162,478556.66973455896,479865.6650717656,0.0,2285714.285714286,1.3588644840336255,-687500.6458329688,1479167.7430549478,log_or_winsorize
session_beginning_explicit_complementarity,160,0.22260416666666666,0.40594527758828086,0.0,1.0,1.358150974130114,-0.0625,0.10416666666666666,log_or_winsorize
session_end_personal_disclosure,161,0.22412008281573495,0.4125037904755055,0.0,1.0,1.3503178490254515,0.0,0.0,log_or_winsorize
session_end_pct_high_quality_Knowledge_Sharing,111,0.20729658229658232,0.28347372932334,0.0,1.0,1.3305957345077963,-0.5916666666666668,0.9861111111111113,log_or_winsorize
session_middle_pct_turns_any_smile,157,0.19831631635098884,0.12652884303434422,0.0,0.7541819291819292,1.312815322801004,-0.08728363140127858,0.4671658406952526,log_or_winsorize
session_mean_num_Complementarity_Articulation,162,0.13238903586125805,0.15537629343667222,0.0,0.6363636363636364,1.3104615422555654,-0.375,0.625,log_or_winsorize
session_mean_num_complementarity,162,0.13238903586125805,0.15537629343667222,0.0,0.6363636363636364,1.3104615422555654,-0.375,0.625,log_or_winsorize
session_beginning_funding_awareness,160,0.22770833333333335,0.4080980047506744,0.0,1.0,1.3102849348682242,-0.125,0.20833333333333331,log_or_winsorize
session_end_pct_turns_any_smile,161,0.2690415810164621,0.29051064132455756,0.0,1.0,1.3071217842904563,-0.46428571428571425,0.8271428571428572,log_or_winsorize
no_complementarity_recognition,162,0.22839506172839505,0.4211001763058035,0.0,1.0,1.3061025165674331,0.0,0.0,log_or_winsorize
session_delta_num_Integration_Practices,159,0.41341719077568134,2.2511479162605115,-6.0,10.0,1.2881141396056777,-4.0,4.0,log_or_winsorize
explore_vs_defend_ratio_session,162,697531.0236624154,978587.4479110593,0.0,4000000.0,1.2843413767345069,-1500000.0,2500000.0,log_or_winsorize
session_mean_num_Relational_Climate,162,1.5605384755847718,0.9765453355530644,0.0,5.571428571428571,1.2824184588516725,-0.7777777777777779,3.666666666666667,log_or_winsorize
session_end_num_Relational_Climate,161,3.0924430641821945,3.3429537994481757,0.0,14.0,1.270430384749069,-7.5,12.5,log_or_winsorize
session_middle_pct_turns_audible_backchannel,157,0.09316485742347513,0.07083586826384647,0.0,0.4172619047619047,1.2687630706563313,-0.09506379598411217,0.2675305690644294,log_or_winsorize
session_beginning_num_Information_Seeking,160,1.7409375,1.8722138366536105,0.0,10.0,1.2662058670441185,-4.5,7.5,log_or_winsorize
session_end_funding_awareness,161,0.23685300207039336,0.4182030422014601,0.0,1.0,1.2632053219202108,-0.375,0.625,log_or_winsorize
session_beginning_pct_joint_framing,160,0.23471021841285528,0.29454537885145704,0.0,0.9999999375000038,1.214447793771176,-0.5769230325443822,0.9615383875739703,log_or_winsorize
session_mean_num_Epistemic_Bridging,162,0.3109448764541357,0.2567156832625395,0.0,1.2857142857142858,1.2116084187237186,-0.3303571428571428,0.8839285714285714,log_or_winsorize
session_mean_num_epistemic_bridging,162,0.3109448764541357,0.2567156832625395,0.0,1.2857142857142858,1.2116084187237186,-0.3303571428571428,0.8839285714285714,log_or_winsorize
session_delta_pct_high_quality,119,0.024622688039320682,0.2443755935783578,-1.0,1.0,1.2101758281481778,0.0,0.0,log_or_winsorize
session_middle_mean_vocal_enthusiasm,157,2.201971326546626,0.13048225380180473,2.0,2.7983630952380953,1.2034963936897562,1.8501516604837294,2.5377708429036696,log_or_winsorize
session_middle_risk_acknowledgment_enthusiasm,157,0.14006925487817207,0.17602212394474734,0.0,0.8,1.1756131803409031,-0.30000000000000004,0.5,log_or_winsorize
session_beginning_shared_vision_present,160,0.25,0.42491829279939874,0.0,1.0,1.1662264265129685,-0.5625,0.9375,log_or_winsorize
session_beginning_pct_high_quality_Integration_Practices,76,0.2607456140350877,0.39049544927749513,0.0,1.0,1.1410665773601694,-0.75,1.25,log_or_winsorize
session_end_num_Pronoun_Framing,161,6.9195652173913045,7.281121795537366,0.0,30.0,1.1387764386085857,-14.0,26.0,log_or_winsorize
session_middle_explore_vs_defend_ratio,157,122341.02723181804,156948.48236779904,0.0,666666.6666666666,1.125836379762609,-300000.0,500000.0,log_or_winsorize
session_mean_num_Evaluation_Practices,162,3.1126351700425774,1.4327682704941997,0.0,9.5,1.123069014920753,0.022321428571427937,5.986607142857143,log_or_winsorize
session_delta_responsiveness_index,159,0.17708944401905188,0.9233406950426528,-2.9231198031939614,4.988934038455279,1.1172373976567556,-1.409498741493343,1.710188698112809,log_or_winsorize
session_end_num_Evaluation_Practices,161,2.2405797101449276,2.529256438967384,0.0,11.0,1.0947640567047627,-6.0,10.0,log_or_winsorize
session_mean_num_Integration_Practices,162,1.5249410997096182,0.7776642393902319,0.0,5.0,1.0839857181011965,-0.3125,3.1875,log_or_winsorize
session_mean_mean_vocal_enthusiasm,162,2.1722104448243296,0.11503644359374957,1.957216017677974,2.6668574481074483,1.0685459331021117,1.8579807816048695,2.4715565180963512,log_or_winsorize
session_mean_responsiveness_index,162,-0.024055897670250046,0.40022164242797387,-0.8604649237120855,2.1210319556621635,1.0565897618118218,-0.9981222511104155,0.9180155474270876,log_or_winsorize
session_mean_pct_turns_any_smile,162,0.2099533965105111,0.11789436678175298,0.0,0.6167728105228105,1.0556161087847207,-0.06656426668389628,0.4609606955545321,log_or_winsorize
session_end_num_Coordination_Decision,161,3.781366459627329,3.5191363656452563,0.0,15.0,1.0479368912884075,-6.5,13.5,log_or_winsorize
session_middle_screenshare_active,157,0.3030254777070064,0.26423443097899035,0.0,1.0,1.045338796499072,-0.24285714285714294,0.7857142857142858,log_or_winsorize
session_beginning_personal_disclosure,160,0.2723958333333333,0.4393432892041179,0.0,1.0,1.0443369343939675,-1.5,2.5,log_or_winsorize
session_beginning_screenshare_active,160,0.2701041666666667,0.43606259077256193,0.0,1.0,1.0400343138283803,-1.21875,2.03125,log_or_winsorize
session_end_is_novel_combination,161,0.2714285714285714,0.43728736329242146,0.0,1.0,1.0385774629891293,-1.5,2.5,log_or_winsorize
session_beginning_pronoun_shift_occurred,160,0.2736458333333333,0.43303679530745043,0.0,1.0,1.0351029151858047,-1.21875,2.03125,log_or_winsorize
session_beginning_mean_idea_quality_Integration_Practices,76,1.2541666666666667,0.3990648791584869,0.5,2.0,1.028878126373978,0.25,2.25,log_or_winsorize
session_middle_pct_high_enthusiasm,157,0.20139727658747808,0.1209637546009626,0.0,0.7083333333333333,1.0279122160645244,-0.14365494107341936,0.531748520199607,log_or_winsorize
outcome_num_teams,162,1.5802469135802468,1.2347373551369292,0.0,8.0,1.0058190405027414,-0.5,3.5,log_or_winsorize
session_middle_num_setback_explores,157,0.1350343746840562,0.16773545596698186,0.0,0.6666666666666666,1.0007998623164513,-0.375,0.625,log_or_winsorize
session_mean_ambition_level_ordinal,162,1.9400868250405285,0.6551006836198168,0.0,3.0,-1.0481783260086752,0.42857142857142816,3.4761904761904767,log_or_winsorize
session_end_any_laughter,161,0.7351966873706004,0.4279675553513401,0.0,1.0,-1.0701990355008604,-0.6666666666666667,2.0,log_or_winsorize
session_delta_num_elaborative_jumps,159,-0.020964360587002098,0.7471799157025351,-4.0,2.0,-1.0805660786160944,0.0,0.0,log_or_winsorize
session_beginning_any_laughter,160,0.7416666666666666,0.4249840708980995,0.0,1.0,-1.1012052682642395,-0.5416666666666667,1.925,log_or_winsorize
session_delta_collective_engagement_score,159,-0.21771488469601677,0.7908333067332501,-3.0,1.0,-1.1384374183313954,-0.7291666666666669,0.4375000000000001,log_or_winsorize
engagement_trajectory,159,-0.21771488469601677,0.7908333067332501,-3.0,1.0,-1.1384374183313954,-0.7291666666666669,0.4375000000000001,log_or_winsorize
session_middle_is_divergent,157,0.7006015569709838,0.25136477169345717,0.0,1.0,-1.1584158090521817,0.2499999999999999,1.1833333333333336,log_or_winsorize
session_end_pct_building,161,0.73850606614457,0.3902676065365848,0.0,0.9999999500000024,-1.2679210271316224,0.3749997850962182,1.3749998581730947,log_or_winsorize
any_complementarity_recognized,162,0.7716049382716049,0.4211001763058035,0.0,1.0,-1.3061025165674331,1.0,1.0,log_or_winsorize
session_mean_cross_disciplinary_bridging,162,0.7331041900486345,0.20152983771746125,0.0,1.0,-1.3110254185412415,0.25,1.25,log_or_winsorize
session_beginning_mean_idea_quality_Knowledge_Sharing,155,0.9601555553168456,0.2914368245722506,0.0,1.9,-1.3358025547116625,1.0,1.0,log_or_winsorize
session_end_meeting_structure_quality,161,1.6386128364389234,0.5655393884266362,0.0,2.0,-1.3505117934098267,-0.5,3.5,log_or_winsorize
session_delta_pct_building,159,-0.2154350585044199,0.39410482350982984,-0.999999958333335,0.23076895660760155,-1.3765039249072784,-0.49999993958334155,0.2999999637500049,log_or_winsorize
any_funding_awareness,162,0.7839506172839507,0.4128244750927947,0.0,1.0,-1.392843774271745,1.0,1.0,log_or_winsorize
meeting_structure_final,161,1.639751552795031,0.5868644970418629,0.0,2.0,-1.4064130219021789,-0.5,3.5,log_or_winsorize
outcome_has_teams,162,0.7901234567901234,0.40848301036508294,0.0,1.0,-1.4382483116615306,1.0,1.0,log_or_winsorize
session_middle_pct_building,157,0.8850338995757775,0.08185426828013012,0.5593623970479206,0.9999998785714438,-1.490905829480238,0.7389327581822174,1.0595159846820315,log_or_winsorize
session_middle_ambition_level_ordinal,157,2.38527449196239,0.6676842731481358,0.0,3.4,-1.4980629865303363,0.7500000000000002,4.35,log_or_winsorize
session_delta_num_Role_Anticipation,159,-0.14150943396226415,1.0030173674453875,-6.0,5.0,-1.4997879166949943,0.0,0.0,log_or_winsorize
session_delta_num_role_anticipation,159,-0.14150943396226415,1.0030173674453875,-6.0,5.0,-1.4997879166949943,0.0,0.0,log_or_winsorize
session_delta_num_Coordination_Decision,159,-1.277777777777778,5.670788605920105,-37.0,12.0,-1.5007174637104796,-12.25,9.75,log_or_winsorize
session_mean_collective_engagement_score,162,2.965466726346356,0.3191791134998864,1.0,4.0,-1.5149958143424815,2.4665178571428568,3.5200892857142856,log_or_winsorize
session_delta_num_Idea_Ownership_Attribution,159,0.03542976939203354,0.3953969597262684,-3.0,2.0,-1.5272149608396026,0.0,0.0,log_or_winsorize
session_delta_num_idea_attribution,159,0.03542976939203354,0.3953969597262684,-3.0,2.0,-1.5272149608396026,0.0,0.0,log_or_winsorize
session_mean_meeting_structure_quality,162,1.334714316890243,0.2533747584912091,0.0,2.0,-1.7962888278735831,0.875,1.875,log_or_winsorize
mean_meeting_structure_quality,162,1.334714316890243,0.2533747584912091,0.0,2.0,-1.7962888278735831,0.875,1.875,log_or_winsorize
prior_relationship_present,162,0.8518518518518519,0.3563483225498992,0.0,1.0,-1.999448166057325,1.0,1.0,log_or_winsorize
session_middle_cross_disciplinary_bridging,157,0.8754953998584573,0.1792307034528855,0.0,1.0,-2.037402044030401,0.5000000000000001,1.2999999999999998,log_or_winsorize
parallel_monologue_index,158,0.9586414609241677,0.07441232197807426,0.6363636363636364,1.0,-2.0594355333925445,0.8076923076923078,1.1153846153846154,log_or_winsorize
session_mean_pct_high_quality,160,0.9684153513160642,0.045655601419190846,0.75,1.0,-2.0893384121688445,0.8969275210084034,1.0618434873949578,log_or_winsorize
any_skill_gap_identified,162,0.8827160493827161,0.3227560367273136,0.0,1.0,-2.401194437316668,1.0,1.0,log_or_winsorize
early_bridging,162,0.8827160493827161,0.3227560367273136,0.0,1.0,-2.4011944373166685,1.0,1.0,log_or_winsorize
any_personal_disclosure,162,0.8950617283950617,0.30742417519630877,0.0,1.0,-2.602267695730668,1.0,1.0,log_or_winsorize
max_ambition_level,162,2.9691358024691357,0.672649710932112,0.0,4.0,-2.9393775006763874,3.0,3.0,log_or_winsorize
pronoun_shift_occurred,162,0.9135802469135802,0.28185414774521395,0.0,1.0,-2.971394981056194,1.0,1.0,log_or_winsorize
session_end_dissent_response_quality,24,2.9166666666666665,0.28232985128663995,2.0,3.0,-3.2199602874013467,3.0,3.0,log_or_winsorize
session_beginning_pct_high_quality,156,0.9174571159883883,0.2218556070906051,0.0,1.0,-3.2922376004250316,0.9190848214285715,1.0485491071428572,log_or_winsorize
session_delta_num_competitive_interruptions,159,-0.057651991614255764,0.4247061619220513,-3.0,1.0,-3.3506063192688527,0.0,0.0,log_or_winsorize
session_middle_pct_high_quality,157,0.9814414611977801,0.03664512926756706,0.7782446311858076,1.0,-3.4080888298716516,0.9437500000000001,1.03375,log_or_winsorize
any_shared_vision,162,0.9382716049382716,0.24140782803620872,0.0,1.0,-3.6763513727768746,1.0,1.0,log_or_winsorize
session_mean_pct_building,162,0.8659846111553094,0.13182320163648387,0.0,0.9999998416667002,-3.8461908631350994,0.6211012434082631,1.1384288581260855,log_or_winsorize
any_novel_combination,162,0.9444444444444444,0.22977169333035918,0.0,1.0,-3.916931572184592,1.0,1.0,log_or_winsorize
session_end_pct_high_quality,123,0.9564512871773024,0.13451146245669723,0.0,1.0,-4.628053348933697,1.0,1.0,log_or_winsorize
pct_dissent_exploratory,149,0.9911633109619687,0.043777910315661514,0.75,1.0,-4.88811615532833,1.0,1.0,log_or_winsorize
session_mean_dissent_response_quality,149,2.991163310961969,0.04377791031566153,2.75,3.0,-4.888116155328336,3.0,3.0,log_or_winsorize
mean_dissent_response_quality,149,2.991163310961969,0.04377791031566153,2.75,3.0,-4.888116155328336,3.0,3.0,log_or_winsorize
session_beginning_pct_building,160,0.9509832971893573,0.14026977141082003,0.0,0.999999958333335,-4.9058527323865615,0.8733552679319553,1.0759867059075048,log_or_winsorize
session_middle_dissent_response_quality,146,2.9932648401826483,0.041271866008747604,2.6666666666666665,3.0,-6.328501940416777,3.0,3.0,log_or_winsorize
pct_building_session,162,0.907707179044773,0.10946168914651194,0.0,0.9999999687500011,-7.147979260978524,0.8076977192314394,1.0302182307579546,log_or_winsorize
